"zone","year","yrwgtsum","nonNAarea","yrwgtmean","plot_with"
6,1998,734612.8967,404505.8324,1.816074919,"chlorophyllA"
6,1999,212393.3249,451840.3745,0.470062741,"chlorophyllA"
6,2000,360929.3858,836706.0367,0.431369406,"chlorophyllA"
6,2001,822065.7744,446484.528,1.841196554,"chlorophyllA"
6,2002,555239.7867,729888.8224,0.760718303,"chlorophyllA"
6,2003,325741.6015,297779.9779,1.093900281,"chlorophyllA"
6,2004,613442.6095,666613.767,0.920236935,"chlorophyllA"
6,2005,1056945.037,988805.2129,1.068911271,"chlorophyllA"
6,2006,638964.8249,857449.6765,0.745192216,"chlorophyllA"
6,2007,217080.4853,490291.1243,0.442758342,"chlorophyllA"
6,2008,268270.599,338953.1599,0.791468057,"chlorophyllA"
6,2009,286567.312,392310.1375,0.730461144,"chlorophyllA"
6,2010,416437.2706,614942.9771,0.677196563,"chlorophyllA"
6,2011,752505.5647,636611.0849,1.182049107,"chlorophyllA"
6,2012,1008922.912,421428.5175,2.394054674,"chlorophyllA"
6,2013,825639.6887,580987.4894,1.42109719,"chlorophyllA"
6,2014,167719.646,264570.2317,0.633932416,"chlorophyllA"
6,2015,133997.938,109964.097,1.2185608,"chlorophyllA"
6,2016,578981.4846,576603.3346,1.004124412,"chlorophyllA"
6,2017,540654.9554,966365.4496,0.559472563,"chlorophyllA"
6,2018,579884.6591,907523.3538,0.638974916,"chlorophyllA"
6,2019,528106.4616,1051795.009,0.502100178,"chlorophyllA"
6,2020,649943.7854,614287.6014,1.058044772,"chlorophyllA"
6,2021,1019090.293,590089.6602,1.727009236,"chlorophyllA"
6,2022,676403.4598,824114.3036,0.82076413,"chlorophyllA"
6,2023,1011122.294,1057940.626,0.955745785,"chlorophyllA"
6,2024,329662.3764,803008.1501,0.410534285,"chlorophyllA"
7,1998,1112787.428,2995892.383,0.371437717,"chlorophyllA"
7,1999,1326110.756,3598598.001,0.368507612,"chlorophyllA"
7,2000,1873247.333,4730257.412,0.396013825,"chlorophyllA"
7,2001,1689770.628,5071765.232,0.333172091,"chlorophyllA"
7,2002,1476035.19,4709105.24,0.313442812,"chlorophyllA"
7,2003,2678163.941,5934577.711,0.451281299,"chlorophyllA"
7,2004,2918564.874,6091530.095,0.479118519,"chlorophyllA"
7,2005,2698257.244,6078114.809,0.443929957,"chlorophyllA"
7,2006,3449098.91,5871351.53,0.587445479,"chlorophyllA"
7,2007,1703954.176,5753079.333,0.296181241,"chlorophyllA"
7,2008,1952039.408,5561698.001,0.350979037,"chlorophyllA"
7,2009,3199672.251,5956042.106,0.537214512,"chlorophyllA"
7,2010,3090363.462,5818050.562,0.531168203,"chlorophyllA"
7,2011,2697589.72,5723014.321,0.471358198,"chlorophyllA"
7,2012,3740752.674,5975221.41,0.626044194,"chlorophyllA"
7,2013,2612297.892,5728814.076,0.455992786,"chlorophyllA"
7,2014,2375675.916,5315229.985,0.446956373,"chlorophyllA"
7,2015,2360005.698,5654798.51,0.417345674,"chlorophyllA"
7,2016,3408524.572,6003596.325,0.567747128,"chlorophyllA"
7,2017,2343804.246,6190851.17,0.378591599,"chlorophyllA"
7,2018,2046356.076,6231266.66,0.328401301,"chlorophyllA"
7,2019,3077125.861,6170586.956,0.498676363,"chlorophyllA"
7,2020,3515760.144,5988502.359,0.58708504,"chlorophyllA"
7,2021,3630562.483,5973473.796,0.607780767,"chlorophyllA"
7,2022,3242703.092,6184908.587,0.524292808,"chlorophyllA"
7,2023,2509973.539,6228705.748,0.402968713,"chlorophyllA"
7,2024,2229867.095,6232084.459,0.357804377,"chlorophyllA"
2,1998,196048.2949,504681.9096,0.388459129,"chlorophyllA"
2,1999,326012.0901,579653.1972,0.562426105,"chlorophyllA"
2,2000,394702.7009,584894.7396,0.674826895,"chlorophyllA"
2,2001,427632.4503,592259.2169,0.722035957,"chlorophyllA"
2,2002,296274.2055,577336.3775,0.513174324,"chlorophyllA"
2,2003,225289.5794,577297.7418,0.390248503,"chlorophyllA"
2,2004,393398.1577,580277.6373,0.677948162,"chlorophyllA"
2,2005,389066.9133,577931.78,0.673205604,"chlorophyllA"
2,2006,463581.5882,578117.5548,0.801881182,"chlorophyllA"
2,2007,292324.8922,590159.0259,0.495332409,"chlorophyllA"
2,2008,268790.81,590976.3318,0.454825,"chlorophyllA"
2,2009,310205.9358,603771.046,0.513780742,"chlorophyllA"
2,2010,428229.6192,613133.1093,0.69842847,"chlorophyllA"
2,2011,414257.9047,599139.4195,0.691421548,"chlorophyllA"
2,2012,389613.9417,567119.7334,0.687004734,"chlorophyllA"
2,2013,227503.6892,506156.5474,0.449472975,"chlorophyllA"
2,2014,242847.6056,496075.543,0.489537549,"chlorophyllA"
2,2015,304677.487,519221.8614,0.586796338,"chlorophyllA"
2,2016,361119.183,565679.9951,0.638380685,"chlorophyllA"
2,2017,335009.6936,558800.737,0.599515483,"chlorophyllA"
2,2018,341543.3354,580045.9838,0.588821136,"chlorophyllA"
2,2019,327818.9663,568140.3613,0.577003481,"chlorophyllA"
2,2020,358905.4275,575774.7915,0.62334342,"chlorophyllA"
2,2021,391496.7918,596775.8708,0.656019807,"chlorophyllA"
2,2022,340732.1808,603714.8634,0.564392566,"chlorophyllA"
2,2023,281365.3123,605573.7734,0.464625987,"chlorophyllA"
2,2024,261564.2944,592513.5608,0.441448621,"chlorophyllA"
3,1998,305190.7551,479991.0826,0.635825885,"chlorophyllA"
3,1999,344296.2827,654200.6548,0.526285445,"chlorophyllA"
3,2000,431736.3325,727160.7673,0.593728859,"chlorophyllA"
3,2001,350819.0795,765500.3626,0.458287281,"chlorophyllA"
3,2002,234985.1369,725240.6773,0.324009869,"chlorophyllA"
3,2003,377080.127,712026.5798,0.52958715,"chlorophyllA"
3,2004,429892.8488,651552.0658,0.659798152,"chlorophyllA"
3,2005,565322.5798,813570.345,0.694866256,"chlorophyllA"
3,2006,498732.6004,760025.4233,0.656205155,"chlorophyllA"
3,2007,424480.616,746566.8399,0.568576842,"chlorophyllA"
3,2008,429000.1414,754138.1062,0.568861509,"chlorophyllA"
3,2009,404019.1726,730733.4062,0.552895446,"chlorophyllA"
3,2010,664704.9844,802539.5876,0.828251958,"chlorophyllA"
3,2011,469829.0922,751292.332,0.625361224,"chlorophyllA"
3,2012,459527.8538,710133.5328,0.647100626,"chlorophyllA"
3,2013,336657.7237,621415.9203,0.54175909,"chlorophyllA"
3,2014,224712.8229,559793.7298,0.401420757,"chlorophyllA"
3,2015,231227.8006,537572.7682,0.430133024,"chlorophyllA"
3,2016,538935.9295,758765.6663,0.710279805,"chlorophyllA"
3,2017,478210.3756,776848.1778,0.61557765,"chlorophyllA"
3,2018,409656.1317,762021.9566,0.537590982,"chlorophyllA"
3,2019,474028.4611,808139.0338,0.586567956,"chlorophyllA"
3,2020,461279.0761,731493.886,0.630598676,"chlorophyllA"
3,2021,608392.5834,799679.2836,0.760795729,"chlorophyllA"
3,2022,613026.3106,821215.7366,0.746486317,"chlorophyllA"
3,2023,601748.7565,853491.807,0.705043389,"chlorophyllA"
3,2024,288125.1667,809084.1457,0.356112733,"chlorophyllA"
5,1998,366989.8417,584145.8574,0.628250354,"chlorophyllA"
5,1999,347161.638,735572.7657,0.471960973,"chlorophyllA"
5,2000,356265.3636,715958.941,0.497605859,"chlorophyllA"
5,2001,418485.281,759937.6298,0.55068372,"chlorophyllA"
5,2002,455370.8319,806505.8523,0.564621857,"chlorophyllA"
5,2003,582284.5277,853310.1963,0.682383183,"chlorophyllA"
5,2004,510484.3072,841306.9766,0.606775317,"chlorophyllA"
5,2005,668505.9462,937394.0987,0.713153568,"chlorophyllA"
5,2006,385048.9932,824396.8259,0.467067535,"chlorophyllA"
5,2007,256619.6971,869177.5257,0.295244285,"chlorophyllA"
5,2008,414283.9224,819403.5095,0.505592077,"chlorophyllA"
5,2009,691817.0788,852466.1103,0.811547897,"chlorophyllA"
5,2010,630064.9743,876121.906,0.719152175,"chlorophyllA"
5,2011,617865.8283,868422.922,0.711480331,"chlorophyllA"
5,2012,722004.072,840568.7682,0.85894706,"chlorophyllA"
5,2013,777144.3928,904373.366,0.859318089,"chlorophyllA"
5,2014,469951.6523,810672.3035,0.579706066,"chlorophyllA"
5,2015,346281.6642,735921.2606,0.470541732,"chlorophyllA"
5,2016,522923.9319,858466.5946,0.609137193,"chlorophyllA"
5,2017,353035.7588,876684.4301,0.402694227,"chlorophyllA"
5,2018,404021.8222,917408.1497,0.440394847,"chlorophyllA"
5,2019,620095.6037,928900.9221,0.66755839,"chlorophyllA"
5,2020,562036.0936,903131.4451,0.622319261,"chlorophyllA"
5,2021,522675.5478,819790.9724,0.637571729,"chlorophyllA"
5,2022,591505.5089,909526.6891,0.650344312,"chlorophyllA"
5,2023,577781.7814,941462.9037,0.61370637,"chlorophyllA"
5,2024,414487.2412,914323.785,0.453326544,"chlorophyllA"
0,1998,125353.3336,573642.0072,0.218521887,"chlorophyllA"
0,1999,177033.4071,796408.4324,0.22228972,"chlorophyllA"
0,2000,212143.8124,1019789.675,0.208027025,"chlorophyllA"
0,2001,221100.8925,1035392.623,0.213543044,"chlorophyllA"
0,2002,214499.3146,1043089.408,0.205638474,"chlorophyllA"
0,2003,221190.0641,1079363.384,0.204926411,"chlorophyllA"
0,2004,167355.9517,1002822.476,0.166884923,"chlorophyllA"
0,2005,229698.0549,1053630.293,0.218006313,"chlorophyllA"
0,2006,203793.9244,1028676.184,0.198112805,"chlorophyllA"
0,2007,217736.2404,1061980.358,0.205028501,"chlorophyllA"
0,2008,194596.0702,1025988.236,0.18966696,"chlorophyllA"
0,2009,279174.6123,1054374.814,0.264777391,"chlorophyllA"
0,2010,288098.8745,1071527.32,0.268867503,"chlorophyllA"
0,2011,342626.047,1078073.792,0.317813168,"chlorophyllA"
0,2012,279591.1664,1081271.261,0.258576341,"chlorophyllA"
0,2013,280668.931,1073088.21,0.261552525,"chlorophyllA"
0,2014,308083.0716,1072316.596,0.287306074,"chlorophyllA"
0,2015,324774.7763,1070268.199,0.303451767,"chlorophyllA"
0,2016,260775.2498,1077172.004,0.242092487,"chlorophyllA"
0,2017,235455.2122,1076193.573,0.218785187,"chlorophyllA"
0,2018,275488.1439,1081578.125,0.254709427,"chlorophyllA"
0,2019,245060.7265,1081450.654,0.226603706,"chlorophyllA"
0,2020,295715.7948,1080343.121,0.273723958,"chlorophyllA"
0,2021,276692.8565,1071749.576,0.258169317,"chlorophyllA"
0,2022,321977.3699,1079402.836,0.298292129,"chlorophyllA"
0,2023,279458.8519,1081648.418,0.258363852,"chlorophyllA"
0,2024,244024.9812,1081648.418,0.225604713,"chlorophyllA"
1,1998,169816.3891,859017.7921,0.197686696,"chlorophyllA"
1,1999,208180.1123,977376.2946,0.212998938,"chlorophyllA"
1,2000,294827.4073,1326866.596,0.222198229,"chlorophyllA"
1,2001,278153.241,1370893.052,0.2028993,"chlorophyllA"
1,2002,221705.4834,1373800.04,0.161381189,"chlorophyllA"
1,2003,217175.751,1406546.536,0.154403531,"chlorophyllA"
1,2004,202401.7377,1329150.704,0.152278998,"chlorophyllA"
1,2005,240557.3107,1372524.852,0.17526627,"chlorophyllA"
1,2006,278124.2666,1407432.309,0.197611114,"chlorophyllA"
1,2007,253604.9817,1396421.786,0.181610588,"chlorophyllA"
1,2008,223108.1643,1378492.835,0.161849346,"chlorophyllA"
1,2009,232354.8321,1386421.241,0.167593243,"chlorophyllA"
1,2010,296383.057,1385474.44,0.213921707,"chlorophyllA"
1,2011,344365.4451,1407289.894,0.244701143,"chlorophyllA"
1,2012,280208.8634,1407713.546,0.199052474,"chlorophyllA"
1,2013,255724.4331,1370533.525,0.186587507,"chlorophyllA"
1,2014,290677.1309,1370771.657,0.212053648,"chlorophyllA"
1,2015,365470.3334,1405517.308,0.260025495,"chlorophyllA"
1,2016,272820.5738,1410541.612,0.193415474,"chlorophyllA"
1,2017,321336.3991,1414274.259,0.227209395,"chlorophyllA"
1,2018,324068.9544,1413459.782,0.229273559,"chlorophyllA"
1,2019,271808.7608,1414120.616,0.192210451,"chlorophyllA"
1,2020,340343.7445,1406913.543,0.241908073,"chlorophyllA"
1,2021,353662.522,1410221.921,0.250785012,"chlorophyllA"
1,2022,325412.6122,1414079.54,0.230123273,"chlorophyllA"
1,2023,258311.2695,1414463.316,0.182621399,"chlorophyllA"
1,2024,269875.075,1414463.316,0.1907968,"chlorophyllA"
4,1998,489023.2167,1025990.699,0.476635136,"chlorophyllA"
4,1999,539818.1109,1028401.514,0.524909876,"chlorophyllA"
4,2000,545597.8875,1002430.738,0.544274898,"chlorophyllA"
4,2001,521795.2912,1027654.882,0.50775343,"chlorophyllA"
4,2002,632092.6433,1028713.56,0.614449608,"chlorophyllA"
4,2003,756525.859,1029896.89,0.73456466,"chlorophyllA"
4,2004,519862.5425,1030096.287,0.504673737,"chlorophyllA"
4,2005,557582.2402,1030446.388,0.541107472,"chlorophyllA"
4,2006,504834.0092,1030810.885,0.489744546,"chlorophyllA"
4,2007,557297.4029,1030273.54,0.540921786,"chlorophyllA"
4,2008,669331.7307,1030446.564,0.649555012,"chlorophyllA"
4,2009,615010.577,1030559.961,0.596773211,"chlorophyllA"
4,2010,723055.6526,1030471.29,0.701674719,"chlorophyllA"
4,2011,839988.2947,1030416.675,0.815192839,"chlorophyllA"
4,2012,693116.5492,1029995.759,0.672931459,"chlorophyllA"
4,2013,632801.5132,1028522.964,0.615252683,"chlorophyllA"
4,2014,456767.3937,1028680.041,0.444032523,"chlorophyllA"
4,2015,588238.1367,1028149.977,0.572132617,"chlorophyllA"
4,2016,449527.9605,1029150.762,0.436795052,"chlorophyllA"
4,2017,497715.2138,1029201.248,0.483593675,"chlorophyllA"
4,2018,478792.082,1029276.837,0.46517328,"chlorophyllA"
4,2019,651202.3211,1029352.566,0.632632922,"chlorophyllA"
4,2020,645205.0446,1029490.788,0.626722504,"chlorophyllA"
4,2021,666510.1891,1029468.41,0.647431415,"chlorophyllA"
4,2022,603074.0074,1029516.019,0.585783996,"chlorophyllA"
4,2023,506393.8847,1029540.667,0.491863897,"chlorophyllA"
4,2024,651723.6336,1029540.667,0.633023692,"chlorophyllA"
9,1998,141862.2279,565059.4584,0.251057169,"chlorophyllA"
9,1999,137471.3898,583368.1192,0.235651187,"chlorophyllA"
9,2000,149158.3001,585583.3118,0.254717471,"chlorophyllA"
9,2001,133427.8079,585313.4184,0.227959592,"chlorophyllA"
9,2002,148048.6593,585699.2635,0.252772487,"chlorophyllA"
9,2003,132409.7622,585959.4862,0.225970848,"chlorophyllA"
9,2004,152240.8648,585959.4862,0.25981466,"chlorophyllA"
9,2005,117995.3458,585297.2674,0.201599003,"chlorophyllA"
9,2006,129605.6137,585944.9946,0.221190752,"chlorophyllA"
9,2007,127685.7198,585859.9911,0.217945792,"chlorophyllA"
9,2008,112738.751,584654.1535,0.192829813,"chlorophyllA"
9,2009,130775.0664,585903.401,0.223202436,"chlorophyllA"
9,2010,135533.2887,585974.2049,0.231295657,"chlorophyllA"
9,2011,166523.4678,585959.4862,0.284189388,"chlorophyllA"
9,2012,161029.9064,585930.0488,0.274827868,"chlorophyllA"
9,2013,155084.9638,585812.2094,0.264734946,"chlorophyllA"
9,2014,138176.4114,585668.6942,0.235929311,"chlorophyllA"
9,2015,134498.8915,584585.5444,0.230075637,"chlorophyllA"
9,2016,142236.5291,584269.4197,0.243443392,"chlorophyllA"
9,2017,141861.3934,585858.709,0.242142672,"chlorophyllA"
9,2018,173694.779,585959.4299,0.296427995,"chlorophyllA"
9,2019,144561.275,585974.2049,0.246702455,"chlorophyllA"
9,2020,152846.3981,585859.4063,0.260892625,"chlorophyllA"
9,2021,171722.1982,585944.7112,0.293068945,"chlorophyllA"
9,2022,180250.353,585974.2049,0.307608,"chlorophyllA"
9,2023,138140.0162,586003.6197,0.23573236,"chlorophyllA"
9,2024,153387.0547,585974.2049,0.261764176,"chlorophyllA"
8,1998,171910.8237,663097.3478,0.259254277,"chlorophyllA"
8,1999,171531.2859,652956.4707,0.26269942,"chlorophyllA"
8,2000,172416.0101,667462.3895,0.258315694,"chlorophyllA"
8,2001,162018.588,668783.9303,0.242258494,"chlorophyllA"
8,2002,194342.9164,669505.8308,0.290278154,"chlorophyllA"
8,2003,180745.6635,669771.6168,0.269861635,"chlorophyllA"
8,2004,190688.567,669756.7857,0.284713154,"chlorophyllA"
8,2005,170040.3494,669685.2779,0.253910837,"chlorophyllA"
8,2006,187593.2583,669756.7857,0.280091613,"chlorophyllA"
8,2007,179256.1021,669771.6392,0.267637642,"chlorophyllA"
8,2008,142857.2796,669786.4702,0.213287795,"chlorophyllA"
8,2009,155033.8086,669517.4168,0.231560531,"chlorophyllA"
8,2010,167711.7767,669572.9009,0.250475753,"chlorophyllA"
8,2011,198135.2503,669801.3013,0.295811982,"chlorophyllA"
8,2012,185227.2287,669682.5745,0.27658959,"chlorophyllA"
8,2013,195616.7539,669578.478,0.292149106,"chlorophyllA"
8,2014,167932.9953,669637.9139,0.250781791,"chlorophyllA"
8,2015,170283.4322,669637.9139,0.254291803,"chlorophyllA"
8,2016,196758.5826,669682.4294,0.293808787,"chlorophyllA"
8,2017,193069.8142,669727.1236,0.288281312,"chlorophyllA"
8,2018,186539.3015,669771.6168,0.278511804,"chlorophyllA"
8,2019,212249.5515,669801.2901,0.316884357,"chlorophyllA"
8,2020,213561.1612,669727.1236,0.318877874,"chlorophyllA"
8,2021,227763.3931,669771.628,0.340061274,"chlorophyllA"
8,2022,224686.026,669756.7969,0.335474051,"chlorophyllA"
8,2023,192995.5933,669801.2901,0.288138581,"chlorophyllA"
8,2024,196270.7975,669831.0527,0.293015376,"chlorophyllA"
6,1998,732134.9642,385462.1468,1.89936929,"chlorophyllA_Summer"
6,1999,188885.5261,436017.2688,0.433206525,"chlorophyllA_Summer"
6,2000,323689.0017,802758.3606,0.403220966,"chlorophyllA_Summer"
6,2001,685480.7113,317161.916,2.161295782,"chlorophyllA_Summer"
6,2002,494468.7428,657426.7135,0.752127549,"chlorophyllA_Summer"
6,2003,335238.5723,289927.4267,1.15628444,"chlorophyllA_Summer"
6,2004,474225.702,634994.4037,0.746818711,"chlorophyllA_Summer"
6,2005,1038571.951,956007.2451,1.086364101,"chlorophyllA_Summer"
6,2006,659148.6024,839640.1844,0.785036989,"chlorophyllA_Summer"
6,2007,169401.1025,445983.1805,0.379837424,"chlorophyllA_Summer"
6,2008,202613.8176,300977.8134,0.673185227,"chlorophyllA_Summer"
6,2009,269189.1967,382489.2728,0.703782343,"chlorophyllA_Summer"
6,2010,313551.2615,517810.8128,0.605532472,"chlorophyllA_Summer"
6,2011,704051.4494,608520.8639,1.156988184,"chlorophyllA_Summer"
6,2012,966121.4373,406554.5133,2.376363823,"chlorophyllA_Summer"
6,2013,849340.2968,578434.3825,1.468343381,"chlorophyllA_Summer"
6,2014,160111.6598,254070.7662,0.630185291,"chlorophyllA_Summer"
6,2015,140601.0466,105326.0026,1.334912967,"chlorophyllA_Summer"
6,2016,404781.5539,470714.8283,0.859929472,"chlorophyllA_Summer"
6,2017,553552.7082,946950.8985,0.584563264,"chlorophyllA_Summer"
6,2018,522447.293,849104.5295,0.615292081,"chlorophyllA_Summer"
6,2019,510230.847,1030853.139,0.494959784,"chlorophyllA_Summer"
6,2020,593289.4961,572997.4719,1.035413811,"chlorophyllA_Summer"
6,2021,984648.6824,554763.4265,1.774898336,"chlorophyllA_Summer"
6,2022,656617.6688,650203.2848,1.009865198,"chlorophyllA_Summer"
6,2023,1004556.005,1030782.726,0.974556499,"chlorophyllA_Summer"
6,2024,263708.3043,759769.4901,0.347089884,"chlorophyllA_Summer"
7,1998,866823.5399,2213117.009,0.391675423,"chlorophyllA_Summer"
7,1999,1136390.218,2707513.82,0.419717236,"chlorophyllA_Summer"
7,2000,1610501.69,3851261.766,0.418175078,"chlorophyllA_Summer"
7,2001,1478786.449,4443625.491,0.332788272,"chlorophyllA_Summer"
7,2002,981263.061,3414578.455,0.287374583,"chlorophyllA_Summer"
7,2003,2736594.62,5630151.058,0.486060603,"chlorophyllA_Summer"
7,2004,2856435.118,5889637.156,0.484993395,"chlorophyllA_Summer"
7,2005,2580582.751,5944076.369,0.434143606,"chlorophyllA_Summer"
7,2006,3433626.946,5654948.977,0.607189731,"chlorophyllA_Summer"
7,2007,1733733.104,5633045.602,0.307778993,"chlorophyllA_Summer"
7,2008,1625109.873,5000414.993,0.324995,"chlorophyllA_Summer"
7,2009,2814015.011,5599908.416,0.502510899,"chlorophyllA_Summer"
7,2010,3296647.439,5680479.118,0.580346723,"chlorophyllA_Summer"
7,2011,2846820.567,5441889.869,0.523130867,"chlorophyllA_Summer"
7,2012,3876255.031,5955422.208,0.650878291,"chlorophyllA_Summer"
7,2013,2762754.321,5627992.555,0.490895163,"chlorophyllA_Summer"
7,2014,2338724.998,5026903.377,0.465241685,"chlorophyllA_Summer"
7,2015,2318983.124,5452037.042,0.425342511,"chlorophyllA_Summer"
7,2016,3412607.408,5534397.129,0.616617732,"chlorophyllA_Summer"
7,2017,2540858.279,6086684.225,0.417445392,"chlorophyllA_Summer"
7,2018,1946724.851,6118614.828,0.318164308,"chlorophyllA_Summer"
7,2019,3190783.904,6152364.095,0.518627288,"chlorophyllA_Summer"
7,2020,3704679.401,5887778.914,0.6292151,"chlorophyllA_Summer"
7,2021,3451111.281,5748930.742,0.600304898,"chlorophyllA_Summer"
7,2022,3643928.721,5951878.367,0.612231718,"chlorophyllA_Summer"
7,2023,2520571.148,6175709.07,0.408142793,"chlorophyllA_Summer"
7,2024,2497841.187,6208969.254,0.402295628,"chlorophyllA_Summer"
2,1998,138574.0292,403378.5398,0.343533469,"chlorophyllA_Summer"
2,1999,278061.3608,552852.275,0.502957794,"chlorophyllA_Summer"
2,2000,381330.6835,575011.6481,0.663170363,"chlorophyllA_Summer"
2,2001,240189.8402,433996.7355,0.553436974,"chlorophyllA_Summer"
2,2002,313591.1223,556023.6594,0.56398881,"chlorophyllA_Summer"
2,2003,192726.665,540578.8981,0.356519031,"chlorophyllA_Summer"
2,2004,265186.4154,533665.3079,0.496915223,"chlorophyllA_Summer"
2,2005,367869.6526,570923.742,0.644341136,"chlorophyllA_Summer"
2,2006,563434.4202,568840.0881,0.990497034,"chlorophyllA_Summer"
2,2007,322103.8942,586091.7177,0.549579331,"chlorophyllA_Summer"
2,2008,274912.7646,568384.9685,0.483673531,"chlorophyllA_Summer"
2,2009,314082.7217,597264.1301,0.525869052,"chlorophyllA_Summer"
2,2010,316563.9716,519819.5886,0.608988154,"chlorophyllA_Summer"
2,2011,392226.6886,568905.2931,0.689441096,"chlorophyllA_Summer"
2,2012,417585.6139,541207.3295,0.771581594,"chlorophyllA_Summer"
2,2013,197317.5202,438288.5844,0.450199999,"chlorophyllA_Summer"
2,2014,247622.7491,465905.1199,0.531487504,"chlorophyllA_Summer"
2,2015,218638.6961,460216.7253,0.475077684,"chlorophyllA_Summer"
2,2016,379768.6503,508562.26,0.746749573,"chlorophyllA_Summer"
2,2017,311656.0942,533526.8336,0.584143242,"chlorophyllA_Summer"
2,2018,328871.0015,536056.301,0.61350086,"chlorophyllA_Summer"
2,2019,359270.5778,562143.0103,0.639108859,"chlorophyllA_Summer"
2,2020,259602.5915,537819.3248,0.4826948,"chlorophyllA_Summer"
2,2021,434552.8237,594392.1836,0.731087716,"chlorophyllA_Summer"
2,2022,388335.1783,578679.4171,0.671071351,"chlorophyllA_Summer"
2,2023,337467.2558,604111.2956,0.558617689,"chlorophyllA_Summer"
2,2024,245974.5465,591529.0438,0.41582835,"chlorophyllA_Summer"
3,1998,107849.8498,248461.2501,0.434071107,"chlorophyllA_Summer"
3,1999,232923.3995,551864.9749,0.422065922,"chlorophyllA_Summer"
3,2000,452270.3331,700132.0432,0.645978623,"chlorophyllA_Summer"
3,2001,116645.2956,276580.5219,0.421740818,"chlorophyllA_Summer"
3,2002,222737.4622,673591.1442,0.330671601,"chlorophyllA_Summer"
3,2003,195472.2567,578903.0123,0.337659768,"chlorophyllA_Summer"
3,2004,403285.8501,584384.9254,0.690103103,"chlorophyllA_Summer"
3,2005,573043.6784,810579.9475,0.706955162,"chlorophyllA_Summer"
3,2006,437373.4066,736223.0666,0.594077293,"chlorophyllA_Summer"
3,2007,471590.2668,716147.7632,0.658509725,"chlorophyllA_Summer"
3,2008,174765.4956,634145.2365,0.275592223,"chlorophyllA_Summer"
3,2009,308796.7634,664919.399,0.464412324,"chlorophyllA_Summer"
3,2010,439443.2153,585683.0739,0.750308887,"chlorophyllA_Summer"
3,2011,348520.6433,706635.0917,0.493211627,"chlorophyllA_Summer"
3,2012,384952.6747,704984.3178,0.546044309,"chlorophyllA_Summer"
3,2013,230007.5543,567076.2549,0.405602513,"chlorophyllA_Summer"
3,2014,149064.5482,519053.9041,0.287185102,"chlorophyllA_Summer"
3,2015,160203.5607,516618.9815,0.310100028,"chlorophyllA_Summer"
3,2016,422371.041,685650.7189,0.616014874,"chlorophyllA_Summer"
3,2017,321909.8884,743264.4934,0.43310274,"chlorophyllA_Summer"
3,2018,536910.3722,733718.5967,0.731766068,"chlorophyllA_Summer"
3,2019,361185.4181,792529.9865,0.455737227,"chlorophyllA_Summer"
3,2020,294407.0787,601636.5041,0.489343776,"chlorophyllA_Summer"
3,2021,440516.4541,649038.1494,0.678721974,"chlorophyllA_Summer"
3,2022,217952.4589,588018.1893,0.370655981,"chlorophyllA_Summer"
3,2023,672510.9918,851254.9488,0.790023004,"chlorophyllA_Summer"
3,2024,270845.6249,794881.1107,0.340737277,"chlorophyllA_Summer"
5,1998,231933.5502,372247.1779,0.623063287,"chlorophyllA_Summer"
5,1999,303977.9377,596677.5693,0.509450922,"chlorophyllA_Summer"
5,2000,302391.8719,599934.8233,0.504041206,"chlorophyllA_Summer"
5,2001,86502.75463,264848.1708,0.326612619,"chlorophyllA_Summer"
5,2002,280851.9716,585546.4811,0.479640781,"chlorophyllA_Summer"
5,2003,604778.3553,746672.9377,0.809964209,"chlorophyllA_Summer"
5,2004,445223.0892,793631.7988,0.560994519,"chlorophyllA_Summer"
5,2005,614558.0917,924970.7294,0.664408151,"chlorophyllA_Summer"
5,2006,376782.8641,780151.7434,0.482960997,"chlorophyllA_Summer"
5,2007,243854.9277,842617.5835,0.28940166,"chlorophyllA_Summer"
5,2008,259276.6482,720414.6877,0.35989917,"chlorophyllA_Summer"
5,2009,555835.1487,778470.9269,0.714008872,"chlorophyllA_Summer"
5,2010,689117.2495,846059.0848,0.814502512,"chlorophyllA_Summer"
5,2011,486192.0956,783230.4004,0.62075233,"chlorophyllA_Summer"
5,2012,718996.5141,826684.5587,0.869735023,"chlorophyllA_Summer"
5,2013,744973.6067,845544.1921,0.881058156,"chlorophyllA_Summer"
5,2014,563764.426,774403.3006,0.72799848,"chlorophyllA_Summer"
5,2015,307466.5894,703354.2515,0.437143287,"chlorophyllA_Summer"
5,2016,739303.4066,789434.2556,0.936497753,"chlorophyllA_Summer"
5,2017,366218.9377,851745.3674,0.429962935,"chlorophyllA_Summer"
5,2018,415268.1476,898201.7214,0.462332834,"chlorophyllA_Summer"
5,2019,679653.2411,919093.4313,0.739482209,"chlorophyllA_Summer"
5,2020,460344.4155,811168.8058,0.567507542,"chlorophyllA_Summer"
5,2021,479002.2989,708484.5331,0.676094222,"chlorophyllA_Summer"
5,2022,595341.5633,796705.9993,0.747253772,"chlorophyllA_Summer"
5,2023,602694.8107,918582.9504,0.656113648,"chlorophyllA_Summer"
5,2024,518585.6046,886723.1347,0.584833737,"chlorophyllA_Summer"
0,1998,73986.72783,322317.9871,0.229545762,"chlorophyllA_Summer"
0,1999,144949.2363,574142.8312,0.252461981,"chlorophyllA_Summer"
0,2000,167353.5848,884085.8712,0.189295622,"chlorophyllA_Summer"
0,2001,216218.7749,957112.1288,0.225907465,"chlorophyllA_Summer"
0,2002,150278.0227,894451.6355,0.168011345,"chlorophyllA_Summer"
0,2003,239797.046,1069781.423,0.224155179,"chlorophyllA_Summer"
0,2004,100911.8694,907902.0141,0.111148415,"chlorophyllA_Summer"
0,2005,242948.7697,1017564.982,0.238755042,"chlorophyllA_Summer"
0,2006,185253.7397,985410.2665,0.187996559,"chlorophyllA_Summer"
0,2007,217851.3182,1019590.977,0.213665404,"chlorophyllA_Summer"
0,2008,196338.651,899616.0237,0.21824717,"chlorophyllA_Summer"
0,2009,212826.8802,1019374.878,0.208781759,"chlorophyllA_Summer"
0,2010,280512.8282,1049647.023,0.267244914,"chlorophyllA_Summer"
0,2011,365963.0717,1049444.413,0.348720778,"chlorophyllA_Summer"
0,2012,303241.3865,1079436.957,0.280925518,"chlorophyllA_Summer"
0,2013,282075.1528,1055520.838,0.267237882,"chlorophyllA_Summer"
0,2014,264608.2787,1027958.965,0.257411324,"chlorophyllA_Summer"
0,2015,334335.5637,1001627.172,0.333792426,"chlorophyllA_Summer"
0,2016,237316.0277,938028.6617,0.252994431,"chlorophyllA_Summer"
0,2017,267221.2544,1062779.229,0.251436279,"chlorophyllA_Summer"
0,2018,184287.854,1028612.548,0.179161585,"chlorophyllA_Summer"
0,2019,213351.3534,1063706.808,0.200573459,"chlorophyllA_Summer"
0,2020,297232.5953,1059745.551,0.280475436,"chlorophyllA_Summer"
0,2021,249012.3454,1044106.908,0.23849315,"chlorophyllA_Summer"
0,2022,325620.0342,1056491.591,0.308208827,"chlorophyllA_Summer"
0,2023,305642.1043,1081483.522,0.282613741,"chlorophyllA_Summer"
0,2024,254202.4097,1080994.414,0.235156081,"chlorophyllA_Summer"
1,1998,145185.8597,701959.8273,0.2068293,"chlorophyllA_Summer"
1,1999,136861.0428,681903.7197,0.20070435,"chlorophyllA_Summer"
1,2000,235686.9638,1091348.371,0.215959422,"chlorophyllA_Summer"
1,2001,260304.1013,1277398.394,0.203776756,"chlorophyllA_Summer"
1,2002,173851.9693,1150809.954,0.151069226,"chlorophyllA_Summer"
1,2003,203290.3125,1367579.152,0.14864976,"chlorophyllA_Summer"
1,2004,156320.4454,1245039.332,0.125554624,"chlorophyllA_Summer"
1,2005,220826.9965,1276573.385,0.172984177,"chlorophyllA_Summer"
1,2006,265032.8144,1383330.956,0.191590316,"chlorophyllA_Summer"
1,2007,260435.5837,1341390.821,0.194153396,"chlorophyllA_Summer"
1,2008,184052.7835,1170979.709,0.157178457,"chlorophyllA_Summer"
1,2009,214725.0023,1341265.775,0.160091315,"chlorophyllA_Summer"
1,2010,226362.5214,1317762.541,0.17177793,"chlorophyllA_Summer"
1,2011,377464.9924,1377464.205,0.274028894,"chlorophyllA_Summer"
1,2012,285855.0921,1388702.872,0.205843235,"chlorophyllA_Summer"
1,2013,227778.6773,1256782.268,0.18123957,"chlorophyllA_Summer"
1,2014,242168.2575,1270412.116,0.19062181,"chlorophyllA_Summer"
1,2015,375999.1886,1334668.647,0.281717256,"chlorophyllA_Summer"
1,2016,234313.6084,1219844.197,0.192084865,"chlorophyllA_Summer"
1,2017,319969.0193,1403622.151,0.227959511,"chlorophyllA_Summer"
1,2018,275131.1643,1370103.285,0.200810528,"chlorophyllA_Summer"
1,2019,265350.5203,1401574.629,0.189323148,"chlorophyllA_Summer"
1,2020,308414.2184,1392244.783,0.221522984,"chlorophyllA_Summer"
1,2021,348878.263,1373054.112,0.254089231,"chlorophyllA_Summer"
1,2022,298510.2424,1328457.328,0.224704427,"chlorophyllA_Summer"
1,2023,270201.7803,1414407.698,0.191035287,"chlorophyllA_Summer"
1,2024,259330.4083,1414414.186,0.18334828,"chlorophyllA_Summer"
4,1998,497982.2397,930869.0689,0.534964859,"chlorophyllA_Summer"
4,1999,456674.755,990875.6544,0.460879983,"chlorophyllA_Summer"
4,2000,585544.1842,979572.3085,0.597754938,"chlorophyllA_Summer"
4,2001,520032.8061,933455.7192,0.557104955,"chlorophyllA_Summer"
4,2002,684106.0959,963636.1193,0.7099216,"chlorophyllA_Summer"
4,2003,807996.984,1025488.532,0.787914207,"chlorophyllA_Summer"
4,2004,478492.7251,1021023.342,0.468640339,"chlorophyllA_Summer"
4,2005,643417.3629,1029327.786,0.625085004,"chlorophyllA_Summer"
4,2006,634384.5441,1029822.624,0.616013408,"chlorophyllA_Summer"
4,2007,565347.505,1024212.786,0.551982471,"chlorophyllA_Summer"
4,2008,604697.7318,1021841.587,0.591772482,"chlorophyllA_Summer"
4,2009,656884.7777,1028208.869,0.63886317,"chlorophyllA_Summer"
4,2010,717234.4037,1019840.87,0.703280703,"chlorophyllA_Summer"
4,2011,470882.1787,1022051.301,0.460722645,"chlorophyllA_Summer"
4,2012,696492.2568,1029923.172,0.676256517,"chlorophyllA_Summer"
4,2013,823865.0338,991518.1777,0.830912688,"chlorophyllA_Summer"
4,2014,497713.8888,1019134.867,0.488369013,"chlorophyllA_Summer"
4,2015,531319.6324,998365.0623,0.532189729,"chlorophyllA_Summer"
4,2016,630426.7954,1019880.133,0.618138127,"chlorophyllA_Summer"
4,2017,479652.4386,1019482.165,0.470486346,"chlorophyllA_Summer"
4,2018,564944.9524,1028386.805,0.549350643,"chlorophyllA_Summer"
4,2019,764897.3015,1028728.235,0.743536801,"chlorophyllA_Summer"
4,2020,564023.2856,1003884.3,0.561840927,"chlorophyllA_Summer"
4,2021,812766.8096,1024920.66,0.793004612,"chlorophyllA_Summer"
4,2022,584488.2148,1010574.013,0.578372496,"chlorophyllA_Summer"
4,2023,577410.9987,1029515.613,0.560856962,"chlorophyllA_Summer"
4,2024,953913.5536,1029515.386,0.926565612,"chlorophyllA_Summer"
9,1998,121234.7841,419819.8427,0.288778118,"chlorophyllA_Summer"
9,1999,144150.2903,549148.3193,0.262497918,"chlorophyllA_Summer"
9,2000,173636.1058,569169.9808,0.305068981,"chlorophyllA_Summer"
9,2001,139892.6252,574409.2577,0.243541731,"chlorophyllA_Summer"
9,2002,139426.3016,567483.8934,0.245692086,"chlorophyllA_Summer"
9,2003,141696.588,584625.0603,0.242371731,"chlorophyllA_Summer"
9,2004,140556.0298,583879.7607,0.240727696,"chlorophyllA_Summer"
9,2005,107010.697,557928.9032,0.191799881,"chlorophyllA_Summer"
9,2006,111321.1029,562982.1313,0.1977347,"chlorophyllA_Summer"
9,2007,118199.0046,581701.7206,0.203195212,"chlorophyllA_Summer"
9,2008,103267.0444,568424.3289,0.181672457,"chlorophyllA_Summer"
9,2009,129060.455,582666.5851,0.221499668,"chlorophyllA_Summer"
9,2010,148674.0212,585960.0599,0.253727227,"chlorophyllA_Summer"
9,2011,159274.0204,582366.406,0.27349452,"chlorophyllA_Summer"
9,2012,174148.2402,585485.1646,0.297442618,"chlorophyllA_Summer"
9,2013,155965.2384,579836.7311,0.268981301,"chlorophyllA_Summer"
9,2014,142824.791,583842.6554,0.244628908,"chlorophyllA_Summer"
9,2015,128369.9322,578813.3157,0.221781235,"chlorophyllA_Summer"
9,2016,139109.6673,579772.3401,0.239938434,"chlorophyllA_Summer"
9,2017,146414.664,582949.5246,0.251161821,"chlorophyllA_Summer"
9,2018,163838.7268,584258.4455,0.280421666,"chlorophyllA_Summer"
9,2019,129610.593,584545.3037,0.22172891,"chlorophyllA_Summer"
9,2020,141607.0646,574348.6649,0.24655244,"chlorophyllA_Summer"
9,2021,128957.5311,582877.9821,0.221242756,"chlorophyllA_Summer"
9,2022,180724.2463,585124.8185,0.308864435,"chlorophyllA_Summer"
9,2023,143895.2768,585989.5332,0.245559466,"chlorophyllA_Summer"
9,2024,141122.7858,585974.2049,0.240834468,"chlorophyllA_Summer"
8,1998,147494.2919,614378.0394,0.240070905,"chlorophyllA_Summer"
8,1999,116199.8235,606115.3526,0.191712391,"chlorophyllA_Summer"
8,2000,169346.5952,651699.7348,0.259853712,"chlorophyllA_Summer"
8,2001,147862.6733,661817.0385,0.22341926,"chlorophyllA_Summer"
8,2002,132719.5037,635124.4748,0.20896613,"chlorophyllA_Summer"
8,2003,160683.0504,669088.0818,0.240152313,"chlorophyllA_Summer"
8,2004,169911.5781,668944.398,0.253999553,"chlorophyllA_Summer"
8,2005,152682.7748,663417.6168,0.230145795,"chlorophyllA_Summer"
8,2006,150755.2254,659484.8138,0.228595446,"chlorophyllA_Summer"
8,2007,151932.4978,665325.9023,0.228358008,"chlorophyllA_Summer"
8,2008,148839.5801,659378.2923,0.225727146,"chlorophyllA_Summer"
8,2009,128545.8974,662511.1489,0.194028278,"chlorophyllA_Summer"
8,2010,146439.1632,648375.5031,0.225855484,"chlorophyllA_Summer"
8,2011,146584.749,657014.4159,0.223107356,"chlorophyllA_Summer"
8,2012,164080.2998,668865.6228,0.245311306,"chlorophyllA_Summer"
8,2013,149040.3498,659895.661,0.225854417,"chlorophyllA_Summer"
8,2014,140970.9896,663272.8292,0.212538466,"chlorophyllA_Summer"
8,2015,130707.6807,662646.4706,0.197251003,"chlorophyllA_Summer"
8,2016,142678.4989,656139.6852,0.217451409,"chlorophyllA_Summer"
8,2017,157856.24,669682.4294,0.235718055,"chlorophyllA_Summer"
8,2018,146946.9049,665830.9365,0.220697022,"chlorophyllA_Summer"
8,2019,196576.1698,669756.7969,0.293503807,"chlorophyllA_Summer"
8,2020,174099.2198,665475.0387,0.261616454,"chlorophyllA_Summer"
8,2021,175358.7002,665782.7132,0.263387283,"chlorophyllA_Summer"
8,2022,180702.5367,666607.4697,0.271077876,"chlorophyllA_Summer"
8,2023,145036.8703,669801.2901,0.216537162,"chlorophyllA_Summer"
8,2024,155871.2492,669786.459,0.232717827,"chlorophyllA_Summer"
6,1998,83.87340155,309.5752624,0.270930568,"chlorophyllA_Winter"
6,1999,0,0,NA,"chlorophyllA_Winter"
6,2000,0,0,NA,"chlorophyllA_Winter"
6,2001,96.46450952,385.2749843,0.250378336,"chlorophyllA_Winter"
6,2002,0,0,NA,"chlorophyllA_Winter"
6,2003,0,0,NA,"chlorophyllA_Winter"
6,2004,0,0,NA,"chlorophyllA_Winter"
6,2005,0,0,NA,"chlorophyllA_Winter"
6,2006,0,0,NA,"chlorophyllA_Winter"
6,2007,1.011500136,18.24875285,0.055428453,"chlorophyllA_Winter"
6,2008,7.12856623,117.4956281,0.060670906,"chlorophyllA_Winter"
6,2009,5.896972624,115.5316631,0.051042047,"chlorophyllA_Winter"
6,2010,0,0,NA,"chlorophyllA_Winter"
6,2011,0,0,NA,"chlorophyllA_Winter"
6,2012,56.11628558,752.3955008,0.074583494,"chlorophyllA_Winter"
6,2013,0,0,NA,"chlorophyllA_Winter"
6,2014,0,0,NA,"chlorophyllA_Winter"
6,2015,0,0,NA,"chlorophyllA_Winter"
6,2016,825.614801,3045.719543,0.27107381,"chlorophyllA_Winter"
6,2017,216.7927798,169.3123557,1.280430946,"chlorophyllA_Winter"
6,2018,0,0,NA,"chlorophyllA_Winter"
6,2019,0,0,NA,"chlorophyllA_Winter"
6,2020,0,0,NA,"chlorophyllA_Winter"
6,2021,0,0,NA,"chlorophyllA_Winter"
6,2022,1527.350719,158.9150014,9.611117298,"chlorophyllA_Winter"
6,2023,0,0,NA,"chlorophyllA_Winter"
6,2024,0,0,NA,"chlorophyllA_Winter"
7,1998,36371.6793,211180.6686,0.172230155,"chlorophyllA_Winter"
7,1999,124293.2498,694180.3151,0.179050381,"chlorophyllA_Winter"
7,2000,140979.017,706085.1141,0.199662922,"chlorophyllA_Winter"
7,2001,131395.7505,710824.5262,0.18484977,"chlorophyllA_Winter"
7,2002,242482.9505,1139913.234,0.212720533,"chlorophyllA_Winter"
7,2003,133252.2121,802048.7154,0.166139799,"chlorophyllA_Winter"
7,2004,242149.9753,1364026.798,0.17752582,"chlorophyllA_Winter"
7,2005,173379.0592,905887.4688,0.191391387,"chlorophyllA_Winter"
7,2006,231846.8246,1118856.03,0.207217746,"chlorophyllA_Winter"
7,2007,138852.4223,791507.0324,0.175427907,"chlorophyllA_Winter"
7,2008,205670.6784,1121242.192,0.183431091,"chlorophyllA_Winter"
7,2009,205582.022,1033599.149,0.198899179,"chlorophyllA_Winter"
7,2010,259938.4031,1315309.272,0.19762531,"chlorophyllA_Winter"
7,2011,193371.208,899687.354,0.214931562,"chlorophyllA_Winter"
7,2012,180938.6672,894966.1088,0.202173764,"chlorophyllA_Winter"
7,2013,155467.552,716514.5365,0.216977527,"chlorophyllA_Winter"
7,2014,192498.4971,947084.4348,0.203253786,"chlorophyllA_Winter"
7,2015,313021.8115,1362689.616,0.229708811,"chlorophyllA_Winter"
7,2016,254041.1098,1201122.7,0.211503046,"chlorophyllA_Winter"
7,2017,437737.8983,2011830.031,0.217581949,"chlorophyllA_Winter"
7,2018,202618.5123,1057314.182,0.191635103,"chlorophyllA_Winter"
7,2019,341471.9783,1505089.488,0.22687819,"chlorophyllA_Winter"
7,2020,323449.522,1176264.942,0.27498016,"chlorophyllA_Winter"
7,2021,160159.4064,783088.6597,0.204522699,"chlorophyllA_Winter"
7,2022,178320.373,818302.4449,0.217914995,"chlorophyllA_Winter"
7,2023,496119.642,2512723.921,0.197442957,"chlorophyllA_Winter"
7,2024,469757.4441,2489219.132,0.18871679,"chlorophyllA_Winter"
2,1998,5400.708384,37052.4225,0.145758577,"chlorophyllA_Winter"
2,1999,8529.890539,51734.78453,0.16487728,"chlorophyllA_Winter"
2,2000,8801.572785,50311.51582,0.174941515,"chlorophyllA_Winter"
2,2001,42420.02617,246636.435,0.171994159,"chlorophyllA_Winter"
2,2002,10777.63685,68261.44052,0.157887627,"chlorophyllA_Winter"
2,2003,41750.51574,242665.0319,0.172049988,"chlorophyllA_Winter"
2,2004,18326.48683,103854.4218,0.176463231,"chlorophyllA_Winter"
2,2005,18201.47107,121995.3965,0.149198016,"chlorophyllA_Winter"
2,2006,21403.9958,142302.7496,0.150411681,"chlorophyllA_Winter"
2,2007,25029.39467,166920.1566,0.149948306,"chlorophyllA_Winter"
2,2008,38345.14644,262417.6923,0.146122565,"chlorophyllA_Winter"
2,2009,6927.827342,50087.78703,0.138313704,"chlorophyllA_Winter"
2,2010,22721.41829,154425.546,0.147135101,"chlorophyllA_Winter"
2,2011,8820.47169,61271.58772,0.143956963,"chlorophyllA_Winter"
2,2012,11782.15928,80011.05834,0.147256636,"chlorophyllA_Winter"
2,2013,2344.674905,17182.17259,0.136459746,"chlorophyllA_Winter"
2,2014,14727.62799,106025.7451,0.138906149,"chlorophyllA_Winter"
2,2015,1094.25057,6922.027281,0.158082383,"chlorophyllA_Winter"
2,2016,41659.87509,218293.6313,0.190843291,"chlorophyllA_Winter"
2,2017,53692.22711,217784.3917,0.246538453,"chlorophyllA_Winter"
2,2018,68730.24159,305134.7142,0.225245567,"chlorophyllA_Winter"
2,2019,54153.1389,242090.3674,0.223689771,"chlorophyllA_Winter"
2,2020,30247.38294,138169.7746,0.218914615,"chlorophyllA_Winter"
2,2021,50766.60085,223482.3004,0.227161617,"chlorophyllA_Winter"
2,2022,59833.41301,259583.5919,0.23049767,"chlorophyllA_Winter"
2,2023,69864.87227,210184.5477,0.332397757,"chlorophyllA_Winter"
2,2024,238715.0683,289089.6632,0.825747505,"chlorophyllA_Winter"
3,1998,42170.1,94794.54667,0.444857869,"chlorophyllA_Winter"
3,1999,17428.44391,55866.57624,0.311965492,"chlorophyllA_Winter"
3,2000,21866.64683,77272.8222,0.282979788,"chlorophyllA_Winter"
3,2001,7213.21559,35811.11219,0.201423948,"chlorophyllA_Winter"
3,2002,23928.16622,105317.6688,0.227199923,"chlorophyllA_Winter"
3,2003,97725.35001,251504.7263,0.388562678,"chlorophyllA_Winter"
3,2004,119631.0602,294160.0247,0.406687008,"chlorophyllA_Winter"
3,2005,65156.20424,181169.3233,0.359642588,"chlorophyllA_Winter"
3,2006,8005.129437,35120.59425,0.227932631,"chlorophyllA_Winter"
3,2007,38603.05117,86507.75501,0.446238041,"chlorophyllA_Winter"
3,2008,93890.26516,260975.0474,0.359767212,"chlorophyllA_Winter"
3,2009,15380.96292,61728.18482,0.249172448,"chlorophyllA_Winter"
3,2010,27676.85292,146906.7718,0.188397394,"chlorophyllA_Winter"
3,2011,4948.137304,26722.87788,0.185164836,"chlorophyllA_Winter"
3,2012,77197.64452,149731.5561,0.515573647,"chlorophyllA_Winter"
3,2013,14931.84698,39244.37108,0.380483788,"chlorophyllA_Winter"
3,2014,20224.3256,69107.17715,0.292651595,"chlorophyllA_Winter"
3,2015,25738.59524,64279.82968,0.400414802,"chlorophyllA_Winter"
3,2016,87755.3376,236460.351,0.371120728,"chlorophyllA_Winter"
3,2017,94415.02904,321581.1073,0.293596318,"chlorophyllA_Winter"
3,2018,69551.02319,281202.2182,0.247334547,"chlorophyllA_Winter"
3,2019,19278.98599,77841.03301,0.247671251,"chlorophyllA_Winter"
3,2020,52992.47257,119998.8074,0.441608327,"chlorophyllA_Winter"
3,2021,63350.29522,221132.3703,0.286481328,"chlorophyllA_Winter"
3,2022,58797.02609,174534.6972,0.336878724,"chlorophyllA_Winter"
3,2023,51751.35264,209581.7206,0.246926843,"chlorophyllA_Winter"
3,2024,119509.0593,354751.9993,0.33688058,"chlorophyllA_Winter"
5,1998,19866.63643,90006.09965,0.220725445,"chlorophyllA_Winter"
5,1999,17773.36226,92723.16349,0.191682009,"chlorophyllA_Winter"
5,2000,17230.63492,51660.93703,0.333533147,"chlorophyllA_Winter"
5,2001,25546.91858,142003.4412,0.179903518,"chlorophyllA_Winter"
5,2002,98658.30502,311838.8419,0.316375935,"chlorophyllA_Winter"
5,2003,55555.41894,204779.5475,0.271293787,"chlorophyllA_Winter"
5,2004,53650.55352,294087.3379,0.182430682,"chlorophyllA_Winter"
5,2005,62899.97298,312657.2744,0.201178665,"chlorophyllA_Winter"
5,2006,78538.57097,152456.6882,0.515153332,"chlorophyllA_Winter"
5,2007,20486.51589,83546.43279,0.245211138,"chlorophyllA_Winter"
5,2008,93304.99203,316421.2469,0.294875875,"chlorophyllA_Winter"
5,2009,73572.39924,314745.8148,0.233751795,"chlorophyllA_Winter"
5,2010,50526.63748,234690.5512,0.215290463,"chlorophyllA_Winter"
5,2011,51139.94056,219425.7969,0.233062572,"chlorophyllA_Winter"
5,2012,106148.1767,317511.3439,0.334313021,"chlorophyllA_Winter"
5,2013,26015.7743,98220.36022,0.264871502,"chlorophyllA_Winter"
5,2014,69512.93435,296808.7533,0.234201093,"chlorophyllA_Winter"
5,2015,154589.8688,370111.6931,0.417684369,"chlorophyllA_Winter"
5,2016,78809.07071,367582.545,0.214398294,"chlorophyllA_Winter"
5,2017,198849.869,560257.4306,0.354925893,"chlorophyllA_Winter"
5,2018,102141.5669,426197.6246,0.239657757,"chlorophyllA_Winter"
5,2019,78194.75267,334699.383,0.23362682,"chlorophyllA_Winter"
5,2020,73729.53528,234510.2903,0.314397868,"chlorophyllA_Winter"
5,2021,59363.4656,191835.5859,0.309449706,"chlorophyllA_Winter"
5,2022,36387.29826,142869.7775,0.254688563,"chlorophyllA_Winter"
5,2023,146988.2958,540925.6105,0.271734769,"chlorophyllA_Winter"
5,2024,138228.7104,578834.0804,0.238805411,"chlorophyllA_Winter"
0,1998,14228.43746,86869.92684,0.16379014,"chlorophyllA_Winter"
0,1999,25759.13319,160651.409,0.160341782,"chlorophyllA_Winter"
0,2000,51836.64422,313269.1492,0.165469994,"chlorophyllA_Winter"
0,2001,70376.99181,434479.5407,0.16197999,"chlorophyllA_Winter"
0,2002,64092.72279,351009.6463,0.182595332,"chlorophyllA_Winter"
0,2003,39392.90265,253963.2582,0.155112605,"chlorophyllA_Winter"
0,2004,26441.69921,161292.654,0.163936165,"chlorophyllA_Winter"
0,2005,48380.28443,317200.8938,0.152522535,"chlorophyllA_Winter"
0,2006,62308.18605,366148.9271,0.170171702,"chlorophyllA_Winter"
0,2007,59237.694,372230.5001,0.159142504,"chlorophyllA_Winter"
0,2008,50164.26381,319689.8064,0.156915431,"chlorophyllA_Winter"
0,2009,37429.56113,245177.1157,0.152663355,"chlorophyllA_Winter"
0,2010,47208.70564,269453.9706,0.175201373,"chlorophyllA_Winter"
0,2011,31539.77017,178118.5695,0.177071769,"chlorophyllA_Winter"
0,2012,45882.32944,254728.9712,0.180122148,"chlorophyllA_Winter"
0,2013,60879.24477,333522.9234,0.182533914,"chlorophyllA_Winter"
0,2014,28291.23517,160330.1297,0.176456136,"chlorophyllA_Winter"
0,2015,37117.96383,201464.2991,0.1842409,"chlorophyllA_Winter"
0,2016,109310.0721,584736.2416,0.186939109,"chlorophyllA_Winter"
0,2017,68920.57365,351868.3036,0.195870367,"chlorophyllA_Winter"
0,2018,68423.34206,387136.2471,0.176742278,"chlorophyllA_Winter"
0,2019,80458.32639,408871.2951,0.196781548,"chlorophyllA_Winter"
0,2020,36676.83087,217539.0475,0.168598839,"chlorophyllA_Winter"
0,2021,44430.339,245135.4497,0.181248118,"chlorophyllA_Winter"
0,2022,70349.3799,392385.4333,0.179286421,"chlorophyllA_Winter"
0,2023,153554.3966,872939.6079,0.175904948,"chlorophyllA_Winter"
0,2024,119598.377,765568.6207,0.156221629,"chlorophyllA_Winter"
1,1998,10645.5952,70997.15004,0.149943979,"chlorophyllA_Winter"
1,1999,12935.43768,74786.41362,0.172965076,"chlorophyllA_Winter"
1,2000,35873.50705,226333.6435,0.158498341,"chlorophyllA_Winter"
1,2001,68461.91073,425234.0614,0.160998182,"chlorophyllA_Winter"
1,2002,112945.348,654454.2681,0.172579435,"chlorophyllA_Winter"
1,2003,86733.98506,567245.5144,0.152903783,"chlorophyllA_Winter"
1,2004,33658.03894,200299.4563,0.168038594,"chlorophyllA_Winter"
1,2005,76413.24644,535232.2766,0.142766514,"chlorophyllA_Winter"
1,2006,70507.98484,445296.3685,0.158339456,"chlorophyllA_Winter"
1,2007,88677.877,593839.7168,0.14932965,"chlorophyllA_Winter"
1,2008,65117.35559,442812.1763,0.147054122,"chlorophyllA_Winter"
1,2009,50347.18425,336619.6147,0.149566995,"chlorophyllA_Winter"
1,2010,58010.30437,344970.9827,0.168159953,"chlorophyllA_Winter"
1,2011,55058.27942,333171.8242,0.165254909,"chlorophyllA_Winter"
1,2012,66438.34057,394663.1385,0.168341895,"chlorophyllA_Winter"
1,2013,82279.89233,496589.7993,0.165689856,"chlorophyllA_Winter"
1,2014,58893.71571,345892.8708,0.170265769,"chlorophyllA_Winter"
1,2015,36370.47114,227311.5493,0.160002742,"chlorophyllA_Winter"
1,2016,137393.0969,807431.5141,0.170160682,"chlorophyllA_Winter"
1,2017,114368.0548,623040.9283,0.183564273,"chlorophyllA_Winter"
1,2018,140389.3894,795586.4072,0.176460266,"chlorophyllA_Winter"
1,2019,156796.776,836043.1579,0.18754627,"chlorophyllA_Winter"
1,2020,43339.581,248144.9399,0.174654301,"chlorophyllA_Winter"
1,2021,95694.27438,529285.6528,0.18079892,"chlorophyllA_Winter"
1,2022,109083.5774,658681.8986,0.165608889,"chlorophyllA_Winter"
1,2023,182989.218,1061704.101,0.172354254,"chlorophyllA_Winter"
1,2024,177373.3428,1159084.92,0.153028773,"chlorophyllA_Winter"
4,1998,145306.8441,659305.1466,0.220393917,"chlorophyllA_Winter"
4,1999,149375.236,625218.4578,0.238916868,"chlorophyllA_Winter"
4,2000,80969.34115,286920.8138,0.282201002,"chlorophyllA_Winter"
4,2001,137137.7563,758080.7986,0.18090124,"chlorophyllA_Winter"
4,2002,169157.5861,766351.5818,0.220731046,"chlorophyllA_Winter"
4,2003,259129.9034,979060.2412,0.264672073,"chlorophyllA_Winter"
4,2004,250285.242,943526.4051,0.265265753,"chlorophyllA_Winter"
4,2005,163340.8265,808231.2811,0.20209664,"chlorophyllA_Winter"
4,2006,220311.0012,799638.9551,0.275513092,"chlorophyllA_Winter"
4,2007,230268.0071,796856.6782,0.288970418,"chlorophyllA_Winter"
4,2008,257873.1822,781777.9661,0.329854759,"chlorophyllA_Winter"
4,2009,125612.414,631323.1678,0.198966901,"chlorophyllA_Winter"
4,2010,144111.6053,689454.1345,0.209022759,"chlorophyllA_Winter"
4,2011,136243.6136,604173.0851,0.225504275,"chlorophyllA_Winter"
4,2012,189693.402,798787.2202,0.237476761,"chlorophyllA_Winter"
4,2013,160918.5151,640900.8522,0.251081762,"chlorophyllA_Winter"
4,2014,139984.7826,633972.2496,0.220805852,"chlorophyllA_Winter"
4,2015,228129.5727,824225.9733,0.276780373,"chlorophyllA_Winter"
4,2016,211479.6326,930703.5208,0.227225564,"chlorophyllA_Winter"
4,2017,254304.0321,1002753.343,0.253605768,"chlorophyllA_Winter"
4,2018,209906.7421,936364.3636,0.224172075,"chlorophyllA_Winter"
4,2019,179300.0345,846107.7821,0.211911577,"chlorophyllA_Winter"
4,2020,222552.6845,791756.5706,0.281087259,"chlorophyllA_Winter"
4,2021,180815.9041,811204.469,0.222898062,"chlorophyllA_Winter"
4,2022,169887.3222,724121.8994,0.234611496,"chlorophyllA_Winter"
4,2023,181186.8528,960886.3495,0.188562209,"chlorophyllA_Winter"
4,2024,260240.8819,1025654.314,0.253731573,"chlorophyllA_Winter"
9,1998,54803.03598,311004.0217,0.176213271,"chlorophyllA_Winter"
9,1999,89172.5695,496398.2447,0.179639172,"chlorophyllA_Winter"
9,2000,84163.1692,471477.6269,0.178509359,"chlorophyllA_Winter"
9,2001,91219.93475,490232.7505,0.186074746,"chlorophyllA_Winter"
9,2002,97100.15582,507854.4307,0.191196827,"chlorophyllA_Winter"
9,2003,92815.12765,525914.2078,0.1764834,"chlorophyllA_Winter"
9,2004,78484.40121,447730.452,0.175293865,"chlorophyllA_Winter"
9,2005,84630.54035,529846.3264,0.159726578,"chlorophyllA_Winter"
9,2006,79505.94642,463332.2569,0.171595966,"chlorophyllA_Winter"
9,2007,84996.16057,497719.0013,0.17077138,"chlorophyllA_Winter"
9,2008,89888.23677,493974.3802,0.181969431,"chlorophyllA_Winter"
9,2009,88279.51801,482036.1709,0.183138784,"chlorophyllA_Winter"
9,2010,91354.75233,481366.4899,0.189782119,"chlorophyllA_Winter"
9,2011,81026.73502,418072.2685,0.193810356,"chlorophyllA_Winter"
9,2012,67533.98724,386614.7996,0.174680295,"chlorophyllA_Winter"
9,2013,95146.951,488714.2799,0.194688297,"chlorophyllA_Winter"
9,2014,71708.4587,391831.0539,0.183008616,"chlorophyllA_Winter"
9,2015,66598.56393,332427.5621,0.200340079,"chlorophyllA_Winter"
9,2016,107066.8001,534749.4361,0.200218631,"chlorophyllA_Winter"
9,2017,101974.7758,519466.4038,0.196306778,"chlorophyllA_Winter"
9,2018,109447.8691,538349.8873,0.203302484,"chlorophyllA_Winter"
9,2019,100057.3917,504447.8412,0.198350322,"chlorophyllA_Winter"
9,2020,86793.55639,446797.557,0.194257008,"chlorophyllA_Winter"
9,2021,87044.5243,443957.0778,0.19606518,"chlorophyllA_Winter"
9,2022,99606.1269,520619.5953,0.191322278,"chlorophyllA_Winter"
9,2023,107491.2702,581112.4881,0.184974979,"chlorophyllA_Winter"
9,2024,121027.5068,580789.7802,0.20838436,"chlorophyllA_Winter"
8,1998,55100.1887,268718.3689,0.205048092,"chlorophyllA_Winter"
8,1999,65496.34862,352604.2215,0.185750325,"chlorophyllA_Winter"
8,2000,76001.32371,408771.1389,0.185926345,"chlorophyllA_Winter"
8,2001,76973.85536,392373.9381,0.19617474,"chlorophyllA_Winter"
8,2002,144150.0219,569349.6163,0.253183664,"chlorophyllA_Winter"
8,2003,161655.8404,615285.4596,0.262733074,"chlorophyllA_Winter"
8,2004,95648.77836,505831.635,0.189092124,"chlorophyllA_Winter"
8,2005,106913.301,587902.7809,0.18185541,"chlorophyllA_Winter"
8,2006,147983.7706,566046.8288,0.261433795,"chlorophyllA_Winter"
8,2007,107901.7855,584581.0398,0.184579687,"chlorophyllA_Winter"
8,2008,110333.5269,578439.941,0.190743272,"chlorophyllA_Winter"
8,2009,160295.5671,544416.1252,0.294435744,"chlorophyllA_Winter"
8,2010,90697.8207,475492.0143,0.190745203,"chlorophyllA_Winter"
8,2011,124085.4669,558265.3028,0.22226971,"chlorophyllA_Winter"
8,2012,72974.61576,367574.4727,0.198530152,"chlorophyllA_Winter"
8,2013,157068.0087,560402.8681,0.280276954,"chlorophyllA_Winter"
8,2014,109484.545,533406.9032,0.205255208,"chlorophyllA_Winter"
8,2015,108803.9867,429277.3964,0.253458457,"chlorophyllA_Winter"
8,2016,169697.8514,644134.2563,0.263451058,"chlorophyllA_Winter"
8,2017,162382.636,648150.2068,0.250532414,"chlorophyllA_Winter"
8,2018,142842.4008,651870.8521,0.219126841,"chlorophyllA_Winter"
8,2019,183680.9741,658446.5638,0.278961094,"chlorophyllA_Winter"
8,2020,135444.2873,604811.1092,0.223944774,"chlorophyllA_Winter"
8,2021,164243.4161,570407.9521,0.287940264,"chlorophyllA_Winter"
8,2022,110084.6118,572990.9034,0.192122791,"chlorophyllA_Winter"
8,2023,164102.0318,667748.4977,0.245754251,"chlorophyllA_Winter"
8,2024,158464.564,669727.5958,0.236610474,"chlorophyllA_Winter"
6,1998,70786742.04,2072257.744,34.15923635,"surfaceSalinity"
6,1999,70783976.31,2072257.744,34.15790171,"surfaceSalinity"
6,2000,70788391.77,2072257.744,34.16003245,"surfaceSalinity"
6,2001,70788350.63,2072257.744,34.1600126,"surfaceSalinity"
6,2002,70787650.52,2072257.744,34.15967475,"surfaceSalinity"
6,2003,70783941.91,2072257.744,34.1578851,"surfaceSalinity"
6,2004,70787430.03,2072257.744,34.15956835,"surfaceSalinity"
6,2005,70795006.66,2072257.744,34.16322457,"surfaceSalinity"
6,2006,70783941.99,2072257.744,34.15788514,"surfaceSalinity"
6,2007,70790021.02,2072257.744,34.16081867,"surfaceSalinity"
6,2008,70807006.04,2072257.744,34.16901506,"surfaceSalinity"
6,2009,70765411.63,2072257.744,34.14894303,"surfaceSalinity"
6,2010,70736634.22,2072257.744,34.13505605,"surfaceSalinity"
6,2011,70767047.63,2072257.744,34.14973251,"surfaceSalinity"
6,2012,70781280.69,2072257.744,34.15660089,"surfaceSalinity"
6,2013,70753628.29,2072257.744,34.1432568,"surfaceSalinity"
6,2014,70811013.94,2072257.744,34.17094913,"surfaceSalinity"
6,2015,71116421.24,2082200.457,34.15445472,"surfaceSalinity"
6,2016,71124609.76,2082200.457,34.15838735,"surfaceSalinity"
6,2017,71117749.92,2082200.457,34.15509283,"surfaceSalinity"
6,2018,71464765.46,2091973.147,34.16141626,"surfaceSalinity"
6,2019,71474991.55,2091973.147,34.16630451,"surfaceSalinity"
6,2020,70815885.77,2072740.01,34.16534897,"surfaceSalinity"
6,2021,70820759.29,2072740.01,34.16770022,"surfaceSalinity"
6,2022,70812734.58,2072740.01,34.16382867,"surfaceSalinity"
6,2023,70792292.51,2072257.744,34.16191482,"surfaceSalinity"
6,2024,70780575.56,2072257.744,34.15626062,"surfaceSalinity"
7,1998,213064741.3,6273964.732,33.9601433,"surfaceSalinity"
7,1999,213058760,6273964.732,33.95918994,"surfaceSalinity"
7,2000,213064877.2,6273964.732,33.96016495,"surfaceSalinity"
7,2001,213063158.1,6273964.732,33.95989095,"surfaceSalinity"
7,2002,213059753.2,6273964.732,33.95934824,"surfaceSalinity"
7,2003,213057768.1,6273964.732,33.95903184,"surfaceSalinity"
7,2004,213068038.4,6273964.732,33.96066882,"surfaceSalinity"
7,2005,213070207.6,6273964.732,33.96101455,"surfaceSalinity"
7,2006,213113046.8,6273964.732,33.96784265,"surfaceSalinity"
7,2007,213093356.5,6273964.732,33.96470424,"surfaceSalinity"
7,2008,213128326.4,6273964.732,33.97027805,"surfaceSalinity"
7,2009,212976295,6273964.732,33.94604594,"surfaceSalinity"
7,2010,213040667,6273964.732,33.95630611,"surfaceSalinity"
7,2011,213007474.5,6273964.732,33.9510156,"surfaceSalinity"
7,2012,213029887.4,6273964.732,33.95458797,"surfaceSalinity"
7,2013,213062046,6273964.732,33.9597137,"surfaceSalinity"
7,2014,213076318.8,6273964.732,33.96198861,"surfaceSalinity"
7,2015,213130927.2,6275581.974,33.9619382,"surfaceSalinity"
7,2016,213165677.9,6275581.974,33.96747566,"surfaceSalinity"
7,2017,213064671.8,6275581.974,33.95138055,"surfaceSalinity"
7,2018,213325936.3,6276948.996,33.98560932,"surfaceSalinity"
7,2019,213258628,6276948.996,33.97488623,"surfaceSalinity"
7,2020,213125690.8,6274097.464,33.96913931,"surfaceSalinity"
7,2021,213109673.1,6274097.464,33.96658633,"surfaceSalinity"
7,2022,213124195.3,6274097.464,33.96890095,"surfaceSalinity"
7,2023,213278219.7,6273964.732,33.99416937,"surfaceSalinity"
7,2024,213440749.2,6273964.732,34.02007475,"surfaceSalinity"
2,1998,20810844.98,613449.881,33.92427911,"surfaceSalinity"
2,1999,20811918.33,613449.881,33.92602881,"surfaceSalinity"
2,2000,20811700.79,613449.881,33.92567419,"surfaceSalinity"
2,2001,20812601.68,613449.881,33.92714275,"surfaceSalinity"
2,2002,20811447.54,613449.881,33.92526135,"surfaceSalinity"
2,2003,20810470.52,613449.881,33.92366868,"surfaceSalinity"
2,2004,20805159.3,613449.881,33.91501074,"surfaceSalinity"
2,2005,20807776.9,613449.881,33.91927775,"surfaceSalinity"
2,2006,20810419.91,613449.881,33.92358619,"surfaceSalinity"
2,2007,20816983.55,613449.881,33.93428574,"surfaceSalinity"
2,2008,20814030.12,613449.881,33.92947129,"surfaceSalinity"
2,2009,20814831.55,613449.881,33.93077771,"surfaceSalinity"
2,2010,20791045.37,613449.881,33.89200328,"surfaceSalinity"
2,2011,20802433.84,613449.881,33.91056789,"surfaceSalinity"
2,2012,20800814.27,613449.881,33.9079278,"surfaceSalinity"
2,2013,20806828.17,613449.881,33.9177312,"surfaceSalinity"
2,2014,20819608.66,613449.881,33.93856501,"surfaceSalinity"
2,2015,20996427.15,618909.3598,33.92488224,"surfaceSalinity"
2,2016,20982422.78,618909.3598,33.90225474,"surfaceSalinity"
2,2017,20962855.84,618909.3598,33.87063955,"surfaceSalinity"
2,2018,21078134.31,621250.1385,33.92857886,"surfaceSalinity"
2,2019,21050955.86,621250.1385,33.88483086,"surfaceSalinity"
2,2020,20836530.17,615037.2331,33.87848581,"surfaceSalinity"
2,2021,20870211.98,615037.2331,33.93324965,"surfaceSalinity"
2,2022,20908666.79,615037.2331,33.99577401,"surfaceSalinity"
2,2023,20812856.75,613449.881,33.92755855,"surfaceSalinity"
2,2024,20793523.76,613449.881,33.89604336,"surfaceSalinity"
3,1998,29115149.25,856593.2568,33.98946818,"surfaceSalinity"
3,1999,29126410.82,856593.2568,34.00261512,"surfaceSalinity"
3,2000,29127461.91,856593.2568,34.00384218,"surfaceSalinity"
3,2001,29127475.28,856593.2568,34.00385778,"surfaceSalinity"
3,2002,29126157.13,856593.2568,34.00231895,"surfaceSalinity"
3,2003,29125323.36,856593.2568,34.00134559,"surfaceSalinity"
3,2004,29121082.08,856593.2568,33.99639426,"surfaceSalinity"
3,2005,29130117.03,856593.2568,34.0069418,"surfaceSalinity"
3,2006,29109000.98,856593.2568,33.9822906,"surfaceSalinity"
3,2007,29138884.49,856593.2568,34.01717707,"surfaceSalinity"
3,2008,29149821.17,856593.2568,34.02994471,"surfaceSalinity"
3,2009,29176177.7,856593.2568,34.06071373,"surfaceSalinity"
3,2010,29107624.27,856593.2568,33.98068341,"surfaceSalinity"
3,2011,29144652.37,856593.2568,34.02391058,"surfaceSalinity"
3,2012,29109940.15,856593.2568,33.983387,"surfaceSalinity"
3,2013,29051826.69,856593.2568,33.91554447,"surfaceSalinity"
3,2014,29090011.51,856593.2568,33.96012201,"surfaceSalinity"
3,2015,29075592.99,856593.2568,33.9432896,"surfaceSalinity"
3,2016,29123061.93,856593.2568,33.99870557,"surfaceSalinity"
3,2017,29152679.77,856593.2568,34.03328189,"surfaceSalinity"
3,2018,29109942.72,856593.2568,33.98339,"surfaceSalinity"
3,2019,29126288.91,856593.2568,34.0024728,"surfaceSalinity"
3,2020,29089114.98,856593.2568,33.95907538,"surfaceSalinity"
3,2021,29136693.44,856593.2568,34.0146192,"surfaceSalinity"
3,2022,29209738.72,856593.2568,34.09989337,"surfaceSalinity"
3,2023,29126628.34,856593.2568,34.00286905,"surfaceSalinity"
3,2024,29098160.33,856593.2568,33.96963506,"surfaceSalinity"
5,1998,32043647.43,944992.3502,33.90889612,"surfaceSalinity"
5,1999,32043515.38,944992.3502,33.90875637,"surfaceSalinity"
5,2000,32043871.04,944992.3502,33.90913273,"surfaceSalinity"
5,2001,32043229.06,944992.3502,33.90845339,"surfaceSalinity"
5,2002,32042518.7,944992.3502,33.90770168,"surfaceSalinity"
5,2003,32041711.17,944992.3502,33.90684715,"surfaceSalinity"
5,2004,32044336.17,944992.3502,33.90962495,"surfaceSalinity"
5,2005,32051021.59,944992.3502,33.91669952,"surfaceSalinity"
5,2006,32037588.26,944992.3502,33.90248424,"surfaceSalinity"
5,2007,32046489.78,944992.3502,33.91190392,"surfaceSalinity"
5,2008,32057216.15,944992.3502,33.92325466,"surfaceSalinity"
5,2009,32076472.59,944992.3502,33.94363201,"surfaceSalinity"
5,2010,32072014.45,944992.3502,33.93891437,"surfaceSalinity"
5,2011,32045128.33,944992.3502,33.91046321,"surfaceSalinity"
5,2012,32047250.56,944992.3502,33.91270898,"surfaceSalinity"
5,2013,32035199.2,944992.3502,33.89995611,"surfaceSalinity"
5,2014,32028784.39,944992.3502,33.8931679,"surfaceSalinity"
5,2015,32031885.23,944992.3502,33.89644924,"surfaceSalinity"
5,2016,32071615.11,944992.3502,33.93849177,"surfaceSalinity"
5,2017,32047675.54,944992.3502,33.9131587,"surfaceSalinity"
5,2018,32022019.19,944992.3502,33.8860089,"surfaceSalinity"
5,2019,32052333.74,944992.3502,33.91808805,"surfaceSalinity"
5,2020,32034427.91,944992.3502,33.89913993,"surfaceSalinity"
5,2021,32007011.49,944992.3502,33.8701276,"surfaceSalinity"
5,2022,32107352.52,944992.3502,33.97630945,"surfaceSalinity"
5,2023,32073343.56,944992.3502,33.94032084,"surfaceSalinity"
5,2024,32055793.7,944992.3502,33.92174941,"surfaceSalinity"
0,1998,36643543.56,1081648.024,33.87751167,"surfaceSalinity"
0,1999,36642992.04,1081648.024,33.87700178,"surfaceSalinity"
0,2000,36643293.1,1081648.024,33.87728011,"surfaceSalinity"
0,2001,36643688.63,1081648.024,33.87764579,"surfaceSalinity"
0,2002,36643560.36,1081648.024,33.8775272,"surfaceSalinity"
0,2003,36643242.07,1081648.024,33.87723294,"surfaceSalinity"
0,2004,36644644.96,1081648.024,33.87852993,"surfaceSalinity"
0,2005,36639316.61,1081648.024,33.87360379,"surfaceSalinity"
0,2006,36646402.74,1081648.024,33.88015502,"surfaceSalinity"
0,2007,36665201.68,1081648.024,33.89753493,"surfaceSalinity"
0,2008,36642720.26,1081648.024,33.87675052,"surfaceSalinity"
0,2009,36638667.02,1081648.024,33.87300323,"surfaceSalinity"
0,2010,36609183.75,1081648.024,33.8457455,"surfaceSalinity"
0,2011,36616795.71,1081648.024,33.85278287,"surfaceSalinity"
0,2012,36641769.65,1081648.024,33.87587166,"surfaceSalinity"
0,2013,36636758.99,1081648.024,33.87123923,"surfaceSalinity"
0,2014,36642874.11,1081648.024,33.87689275,"surfaceSalinity"
0,2015,36673721.17,1081648.024,33.90541133,"surfaceSalinity"
0,2016,36666010.6,1081648.024,33.89828279,"surfaceSalinity"
0,2017,36651931.6,1081648.024,33.88526654,"surfaceSalinity"
0,2018,36649732.79,1081648.024,33.88323371,"surfaceSalinity"
0,2019,36670340.9,1081648.024,33.90228621,"surfaceSalinity"
0,2020,36656206.58,1081648.024,33.88921882,"surfaceSalinity"
0,2021,36664450.16,1081648.024,33.89684014,"surfaceSalinity"
0,2022,36634707.08,1081648.024,33.86934221,"surfaceSalinity"
0,2023,36633916.59,1081648.024,33.86861138,"surfaceSalinity"
0,2024,36686526.71,1081648.024,33.91725024,"surfaceSalinity"
1,1998,47918077.85,1414462.801,33.87722733,"surfaceSalinity"
1,1999,47917370.1,1414462.801,33.87672696,"surfaceSalinity"
1,2000,47917608.53,1414462.801,33.87689552,"surfaceSalinity"
1,2001,47916920.49,1414462.801,33.87640909,"surfaceSalinity"
1,2002,47917445.62,1414462.801,33.87678035,"surfaceSalinity"
1,2003,47917787.65,1414462.801,33.87702216,"surfaceSalinity"
1,2004,47918693.23,1414462.801,33.87766239,"surfaceSalinity"
1,2005,47914402.49,1414462.801,33.87462891,"surfaceSalinity"
1,2006,47915065.99,1414462.801,33.87509799,"surfaceSalinity"
1,2007,47922231.4,1414462.801,33.88016381,"surfaceSalinity"
1,2008,47933835.24,1414462.801,33.88836752,"surfaceSalinity"
1,2009,47918786.37,1414462.801,33.87772824,"surfaceSalinity"
1,2010,47893941.26,1414462.801,33.86016319,"surfaceSalinity"
1,2011,47836777.17,1414462.801,33.81974919,"surfaceSalinity"
1,2012,47887129.44,1414462.801,33.85534735,"surfaceSalinity"
1,2013,47899572.16,1414462.801,33.86414414,"surfaceSalinity"
1,2014,47904224.88,1414462.801,33.86743352,"surfaceSalinity"
1,2015,47929169.1,1414462.801,33.88506864,"surfaceSalinity"
1,2016,47957267.72,1414462.801,33.90493387,"surfaceSalinity"
1,2017,47948584.08,1414462.801,33.89879469,"surfaceSalinity"
1,2018,47894938.15,1414462.801,33.86086797,"surfaceSalinity"
1,2019,47914395.82,1414462.801,33.87462419,"surfaceSalinity"
1,2020,47921475.08,1414462.801,33.87962911,"surfaceSalinity"
1,2021,47937748.09,1414462.801,33.89113384,"surfaceSalinity"
1,2022,47932867.96,1414462.801,33.88768367,"surfaceSalinity"
1,2023,47885017.44,1414462.801,33.8538542,"surfaceSalinity"
1,2024,47924373.56,1414462.801,33.88167828,"surfaceSalinity"
4,1998,34934790.19,1030353.571,33.90563315,"surfaceSalinity"
4,1999,34935113.63,1030353.571,33.90594706,"surfaceSalinity"
4,2000,34934674.91,1030353.571,33.90552127,"surfaceSalinity"
4,2001,34936065.99,1030353.571,33.90687136,"surfaceSalinity"
4,2002,34935413.29,1030353.571,33.90623789,"surfaceSalinity"
4,2003,34934691.76,1030353.571,33.90553762,"surfaceSalinity"
4,2004,34931462.93,1030353.571,33.90240391,"surfaceSalinity"
4,2005,34921835.04,1030353.571,33.89305965,"surfaceSalinity"
4,2006,34919628.05,1030353.571,33.89091768,"surfaceSalinity"
4,2007,34929090.23,1030353.571,33.9001011,"surfaceSalinity"
4,2008,34945275.28,1030353.571,33.91580935,"surfaceSalinity"
4,2009,34973258.57,1030353.571,33.94296828,"surfaceSalinity"
4,2010,34941042.74,1030353.571,33.91170151,"surfaceSalinity"
4,2011,34924984.09,1030353.571,33.89611593,"surfaceSalinity"
4,2012,34920500.79,1030353.571,33.8917647,"surfaceSalinity"
4,2013,34902129.63,1030353.571,33.87393475,"surfaceSalinity"
4,2014,34925107.65,1030353.571,33.89623585,"surfaceSalinity"
4,2015,34946295.3,1031035.805,33.89435665,"surfaceSalinity"
4,2016,34955506.34,1031035.805,33.90329043,"surfaceSalinity"
4,2017,34933037.02,1031035.805,33.88149747,"surfaceSalinity"
4,2018,34948589.31,1031035.805,33.89658161,"surfaceSalinity"
4,2019,34967809.03,1031035.805,33.91522278,"surfaceSalinity"
4,2020,34963418.99,1031035.805,33.91096489,"surfaceSalinity"
4,2021,34930601.72,1031035.805,33.87913547,"surfaceSalinity"
4,2022,34977486.32,1031035.805,33.92460878,"surfaceSalinity"
4,2023,34920834.21,1030353.571,33.8920883,"surfaceSalinity"
4,2024,34958821.99,1030353.571,33.92895699,"surfaceSalinity"
9,1998,19849736.14,585915.4158,33.8781599,"surfaceSalinity"
9,1999,19847528.16,585915.4158,33.87439147,"surfaceSalinity"
9,2000,19847803.95,585915.4158,33.87486217,"surfaceSalinity"
9,2001,19847528.82,585915.4158,33.87439259,"surfaceSalinity"
9,2002,19847934.86,585915.4158,33.8750856,"surfaceSalinity"
9,2003,19848171.77,585915.4158,33.87548994,"surfaceSalinity"
9,2004,19851626.94,585915.4158,33.88138698,"surfaceSalinity"
9,2005,19845309.19,585915.4158,33.87060429,"surfaceSalinity"
9,2006,19841982.98,585915.4158,33.86492734,"surfaceSalinity"
9,2007,19838593.88,585915.4158,33.85914306,"surfaceSalinity"
9,2008,19834658.22,585915.4158,33.85242595,"surfaceSalinity"
9,2009,19857284.61,585915.4158,33.8910431,"surfaceSalinity"
9,2010,19843300.1,585915.4158,33.86717531,"surfaceSalinity"
9,2011,19856062.57,585915.4158,33.88895741,"surfaceSalinity"
9,2012,19846153.73,585915.4158,33.87204568,"surfaceSalinity"
9,2013,19836106.8,585915.4158,33.85489829,"surfaceSalinity"
9,2014,19838447.32,585915.4158,33.85889292,"surfaceSalinity"
9,2015,19829310.98,585915.4158,33.84329964,"surfaceSalinity"
9,2016,19843337.38,585915.4158,33.86723893,"surfaceSalinity"
9,2017,19844980.28,585915.4158,33.87004292,"surfaceSalinity"
9,2018,19831080.11,585915.4158,33.84631906,"surfaceSalinity"
9,2019,19836251.95,585915.4158,33.855146,"surfaceSalinity"
9,2020,19847159.22,585915.4158,33.87376178,"surfaceSalinity"
9,2021,19875894.26,585915.4158,33.92280477,"surfaceSalinity"
9,2022,19838399.3,585915.4158,33.85881096,"surfaceSalinity"
9,2023,19845450,585915.4158,33.8708446,"surfaceSalinity"
9,2024,19838118.63,585915.4158,33.85833193,"surfaceSalinity"
8,1998,22650054.02,669919.9383,33.81009092,"surfaceSalinity"
8,1999,22648633.33,669919.9383,33.80797022,"surfaceSalinity"
8,2000,22648244.94,669919.9383,33.80739047,"surfaceSalinity"
8,2001,22648922.49,669919.9383,33.80840187,"surfaceSalinity"
8,2002,22650084.2,669919.9383,33.81013596,"surfaceSalinity"
8,2003,22649088.61,669919.9383,33.80864984,"surfaceSalinity"
8,2004,22653871.67,669919.9383,33.81578958,"surfaceSalinity"
8,2005,22646706.43,669919.9383,33.80509391,"surfaceSalinity"
8,2006,22634446.42,669919.9383,33.78679321,"surfaceSalinity"
8,2007,22650918.36,669919.9383,33.81138113,"surfaceSalinity"
8,2008,22639090.34,669919.9383,33.79372527,"surfaceSalinity"
8,2009,22631198.89,669919.9383,33.78194557,"surfaceSalinity"
8,2010,22629272.69,669919.9383,33.77907031,"surfaceSalinity"
8,2011,22644101.47,669919.9383,33.80120545,"surfaceSalinity"
8,2012,22643287.47,669919.9383,33.79999038,"surfaceSalinity"
8,2013,22647851.56,669919.9383,33.80680326,"surfaceSalinity"
8,2014,22646660.99,669919.9383,33.80502609,"surfaceSalinity"
8,2015,22646380.14,669919.9383,33.80460686,"surfaceSalinity"
8,2016,22643537.45,669919.9383,33.80036353,"surfaceSalinity"
8,2017,22634464.12,669919.9383,33.78681963,"surfaceSalinity"
8,2018,22618244.05,669919.9383,33.76260767,"surfaceSalinity"
8,2019,22630363.65,669919.9383,33.78069879,"surfaceSalinity"
8,2020,22645819.45,669919.9383,33.8037699,"surfaceSalinity"
8,2021,22661355.34,669919.9383,33.82696057,"surfaceSalinity"
8,2022,22660785.47,669919.9383,33.82610992,"surfaceSalinity"
8,2023,22613035.24,669919.9383,33.7548324,"surfaceSalinity"
8,2024,22655412.77,669919.9383,33.81809001,"surfaceSalinity"
6,1998,70386222.9,2072257.744,33.96595965,"surfaceSalinity_Summer"
6,1999,70395184.84,2072257.744,33.97028437,"surfaceSalinity_Summer"
6,2000,70380722.85,2072257.744,33.96330551,"surfaceSalinity_Summer"
6,2001,70377273.53,2072257.744,33.96164099,"surfaceSalinity_Summer"
6,2002,70375171.05,2072257.744,33.96062641,"surfaceSalinity_Summer"
6,2003,70370083.61,2072257.744,33.95817138,"surfaceSalinity_Summer"
6,2004,70400420.32,2072257.744,33.97281083,"surfaceSalinity_Summer"
6,2005,70389916.43,2072257.744,33.96774202,"surfaceSalinity_Summer"
6,2006,70345669.92,2072257.744,33.94639018,"surfaceSalinity_Summer"
6,2007,70358351.72,2072257.744,33.95250998,"surfaceSalinity_Summer"
6,2008,70370276.89,2072257.744,33.95826466,"surfaceSalinity_Summer"
6,2009,70271797.83,2072257.744,33.91074206,"surfaceSalinity_Summer"
6,2010,70220128.47,2072257.744,33.88580821,"surfaceSalinity_Summer"
6,2011,70271604.86,2072257.744,33.91064894,"surfaceSalinity_Summer"
6,2012,70357283.09,2072257.744,33.9519943,"surfaceSalinity_Summer"
6,2013,70246910.16,2072257.744,33.89873213,"surfaceSalinity_Summer"
6,2014,70315554.65,2072257.744,33.93185759,"surfaceSalinity_Summer"
6,2015,70670364.74,2082200.457,33.94023111,"surfaceSalinity_Summer"
6,2016,70671972.54,2082200.457,33.94100327,"surfaceSalinity_Summer"
6,2017,70706116.88,2082200.457,33.95740147,"surfaceSalinity_Summer"
6,2018,71059030.88,2091973.147,33.96746799,"surfaceSalinity_Summer"
6,2019,71075335.86,2091973.147,33.97526205,"surfaceSalinity_Summer"
6,2020,70429028.05,2072740.01,33.97870823,"surfaceSalinity_Summer"
6,2021,70348981.25,2072740.01,33.9400894,"surfaceSalinity_Summer"
6,2022,70410673.01,2072740.01,33.96985279,"surfaceSalinity_Summer"
6,2023,70377001.25,2072257.744,33.9615096,"surfaceSalinity_Summer"
6,2024,70339532.87,2072257.744,33.94342865,"surfaceSalinity_Summer"
7,1998,212471847.7,6273964.732,33.86564266,"surfaceSalinity_Summer"
7,1999,212471192.6,6273964.732,33.86553825,"surfaceSalinity_Summer"
7,2000,212474184.6,6273964.732,33.86601514,"surfaceSalinity_Summer"
7,2001,212449177.2,6273964.732,33.86202924,"surfaceSalinity_Summer"
7,2002,212447856.1,6273964.732,33.86181867,"surfaceSalinity_Summer"
7,2003,212452934.8,6273964.732,33.86262815,"surfaceSalinity_Summer"
7,2004,212474888.2,6273964.732,33.86612729,"surfaceSalinity_Summer"
7,2005,212519758.8,6273964.732,33.87327915,"surfaceSalinity_Summer"
7,2006,212425314.7,6273964.732,33.85822582,"surfaceSalinity_Summer"
7,2007,212517832.7,6273964.732,33.87297216,"surfaceSalinity_Summer"
7,2008,212539474.5,6273964.732,33.87642162,"surfaceSalinity_Summer"
7,2009,212395867.6,6273964.732,33.85353229,"surfaceSalinity_Summer"
7,2010,212291466.5,6273964.732,33.83689191,"surfaceSalinity_Summer"
7,2011,212417392.1,6273964.732,33.85696305,"surfaceSalinity_Summer"
7,2012,212314763.8,6273964.732,33.84060525,"surfaceSalinity_Summer"
7,2013,212420325.6,6273964.732,33.85743062,"surfaceSalinity_Summer"
7,2014,212494299.5,6273964.732,33.86922123,"surfaceSalinity_Summer"
7,2015,212379224.1,6275581.974,33.84215598,"surfaceSalinity_Summer"
7,2016,212548371,6275581.974,33.86910916,"surfaceSalinity_Summer"
7,2017,212368511.3,6275581.974,33.84044893,"surfaceSalinity_Summer"
7,2018,212685497.3,6276948.996,33.88357901,"surfaceSalinity_Summer"
7,2019,212684940.5,6276948.996,33.88349032,"surfaceSalinity_Summer"
7,2020,212441424.9,6274097.464,33.86007726,"surfaceSalinity_Summer"
7,2021,212472466.9,6274097.464,33.86502491,"surfaceSalinity_Summer"
7,2022,212534101,6274097.464,33.87484849,"surfaceSalinity_Summer"
7,2023,212784712.7,6273964.732,33.91550985,"surfaceSalinity_Summer"
7,2024,212941367.9,6273964.732,33.94047895,"surfaceSalinity_Summer"
2,1998,20722145.1,613449.881,33.77968721,"surfaceSalinity_Summer"
2,1999,20731572.08,613449.881,33.79505437,"surfaceSalinity_Summer"
2,2000,20729756.45,613449.881,33.79209466,"surfaceSalinity_Summer"
2,2001,20730706.33,613449.881,33.7936431,"surfaceSalinity_Summer"
2,2002,20728829.03,613449.881,33.79058286,"surfaceSalinity_Summer"
2,2003,20728704.16,613449.881,33.7903793,"surfaceSalinity_Summer"
2,2004,20725083.12,613449.881,33.78447656,"surfaceSalinity_Summer"
2,2005,20724826.27,613449.881,33.78405785,"surfaceSalinity_Summer"
2,2006,20697170.05,613449.881,33.73897476,"surfaceSalinity_Summer"
2,2007,20732926.89,613449.881,33.79726288,"surfaceSalinity_Summer"
2,2008,20745253.38,613449.881,33.81735659,"surfaceSalinity_Summer"
2,2009,20761711.3,613449.881,33.84418507,"surfaceSalinity_Summer"
2,2010,20726090.19,613449.881,33.7861182,"surfaceSalinity_Summer"
2,2011,20716985.18,613449.881,33.7712759,"surfaceSalinity_Summer"
2,2012,20689578.97,613449.881,33.72660035,"surfaceSalinity_Summer"
2,2013,20720599.43,613449.881,33.77716757,"surfaceSalinity_Summer"
2,2014,20776110.92,613449.881,33.86765824,"surfaceSalinity_Summer"
2,2015,20915428.47,618909.3598,33.79400898,"surfaceSalinity_Summer"
2,2016,20861890.68,618909.3598,33.70750554,"surfaceSalinity_Summer"
2,2017,20881151.47,618909.3598,33.73862607,"surfaceSalinity_Summer"
2,2018,20945110.34,621250.1385,33.7144558,"surfaceSalinity_Summer"
2,2019,20956210.72,621250.1385,33.73232362,"surfaceSalinity_Summer"
2,2020,20749077.69,615037.2331,33.73629526,"surfaceSalinity_Summer"
2,2021,20802554.85,615037.2331,33.82324473,"surfaceSalinity_Summer"
2,2022,20823776.24,615037.2331,33.85774897,"surfaceSalinity_Summer"
2,2023,20712030.86,613449.881,33.76319974,"surfaceSalinity_Summer"
2,2024,20654052.68,613449.881,33.66868805,"surfaceSalinity_Summer"
3,1998,28987436.29,856593.2568,33.84037413,"surfaceSalinity_Summer"
3,1999,29012590.8,856593.2568,33.86973989,"surfaceSalinity_Summer"
3,2000,29010354.54,856593.2568,33.86712925,"surfaceSalinity_Summer"
3,2001,29006973.86,856593.2568,33.86318259,"surfaceSalinity_Summer"
3,2002,29005935.47,856593.2568,33.86197036,"surfaceSalinity_Summer"
3,2003,29004237.75,856593.2568,33.85998842,"surfaceSalinity_Summer"
3,2004,29010892.52,856593.2568,33.86775729,"surfaceSalinity_Summer"
3,2005,29026305.03,856593.2568,33.8857501,"surfaceSalinity_Summer"
3,2006,28950454.41,856593.2568,33.79720092,"surfaceSalinity_Summer"
3,2007,29034070.16,856593.2568,33.89481522,"surfaceSalinity_Summer"
3,2008,29024503.89,856593.2568,33.88364741,"surfaceSalinity_Summer"
3,2009,29096925.5,856593.2568,33.9681935,"surfaceSalinity_Summer"
3,2010,28972440.78,856593.2568,33.82286815,"surfaceSalinity_Summer"
3,2011,29029720.27,856593.2568,33.88973709,"surfaceSalinity_Summer"
3,2012,28964358.07,856593.2568,33.81343227,"surfaceSalinity_Summer"
3,2013,28900015.91,856593.2568,33.73831825,"surfaceSalinity_Summer"
3,2014,28875959.37,856593.2568,33.71023428,"surfaceSalinity_Summer"
3,2015,28904226.26,856593.2568,33.74323348,"surfaceSalinity_Summer"
3,2016,28943741.97,856593.2568,33.78936472,"surfaceSalinity_Summer"
3,2017,29026068.98,856593.2568,33.88547453,"surfaceSalinity_Summer"
3,2018,28966549.44,856593.2568,33.81599051,"surfaceSalinity_Summer"
3,2019,29012996.47,856593.2568,33.87021348,"surfaceSalinity_Summer"
3,2020,28909770.69,856593.2568,33.74970613,"surfaceSalinity_Summer"
3,2021,28962747.53,856593.2568,33.8115521,"surfaceSalinity_Summer"
3,2022,29178979.39,856593.2568,34.06398446,"surfaceSalinity_Summer"
3,2023,28986507.08,856593.2568,33.83928936,"surfaceSalinity_Summer"
3,2024,28902216.99,856593.2568,33.74088783,"surfaceSalinity_Summer"
5,1998,31967547.36,944992.3502,33.82836629,"surfaceSalinity_Summer"
5,1999,31967640,944992.3502,33.82846432,"surfaceSalinity_Summer"
5,2000,31968303.42,944992.3502,33.82916635,"surfaceSalinity_Summer"
5,2001,31963381.69,944992.3502,33.82395813,"surfaceSalinity_Summer"
5,2002,31962805.24,944992.3502,33.82334813,"surfaceSalinity_Summer"
5,2003,31962525.21,944992.3502,33.8230518,"surfaceSalinity_Summer"
5,2004,31968328.3,944992.3502,33.82919268,"surfaceSalinity_Summer"
5,2005,31973804.47,944992.3502,33.83498762,"surfaceSalinity_Summer"
5,2006,31974997.65,944992.3502,33.83625025,"surfaceSalinity_Summer"
5,2007,31971085.13,944992.3502,33.83210999,"surfaceSalinity_Summer"
5,2008,31991121.32,944992.3502,33.85331247,"surfaceSalinity_Summer"
5,2009,32004468.43,944992.3502,33.86743651,"surfaceSalinity_Summer"
5,2010,31980889.15,944992.3502,33.84248469,"surfaceSalinity_Summer"
5,2011,31950154.21,944992.3502,33.80996068,"surfaceSalinity_Summer"
5,2012,31974256.41,944992.3502,33.83546586,"surfaceSalinity_Summer"
5,2013,31960193.82,944992.3502,33.82058469,"surfaceSalinity_Summer"
5,2014,31943009.21,944992.3502,33.80239977,"surfaceSalinity_Summer"
5,2015,31909194.62,944992.3502,33.76661685,"surfaceSalinity_Summer"
5,2016,32041870.81,944992.3502,33.90701607,"surfaceSalinity_Summer"
5,2017,31957042.3,944992.3502,33.81724973,"surfaceSalinity_Summer"
5,2018,31928676.71,944992.3502,33.78723299,"surfaceSalinity_Summer"
5,2019,31963905.8,944992.3502,33.82451275,"surfaceSalinity_Summer"
5,2020,31962466.64,944992.3502,33.82298981,"surfaceSalinity_Summer"
5,2021,31917468.08,944992.3502,33.77537191,"surfaceSalinity_Summer"
5,2022,32039993.21,944992.3502,33.90502918,"surfaceSalinity_Summer"
5,2023,31979458.9,944992.3502,33.84097119,"surfaceSalinity_Summer"
5,2024,31985356.57,944992.3502,33.84721216,"surfaceSalinity_Summer"
0,1998,36595987.94,1081648.024,33.83354577,"surfaceSalinity_Summer"
0,1999,36595917.8,1081648.024,33.83348093,"surfaceSalinity_Summer"
0,2000,36596262.97,1081648.024,33.83380005,"surfaceSalinity_Summer"
0,2001,36595012.29,1081648.024,33.83264377,"surfaceSalinity_Summer"
0,2002,36594981.66,1081648.024,33.83261545,"surfaceSalinity_Summer"
0,2003,36594923.67,1081648.024,33.83256184,"surfaceSalinity_Summer"
0,2004,36596145.06,1081648.024,33.83369103,"surfaceSalinity_Summer"
0,2005,36582694.4,1081648.024,33.82125569,"surfaceSalinity_Summer"
0,2006,36584658.04,1081648.024,33.82307111,"surfaceSalinity_Summer"
0,2007,36596250.76,1081648.024,33.83378876,"surfaceSalinity_Summer"
0,2008,36602970.73,1081648.024,33.84000147,"surfaceSalinity_Summer"
0,2009,36582255.47,1081648.024,33.8208499,"surfaceSalinity_Summer"
0,2010,36563022.42,1081648.024,33.80306865,"surfaceSalinity_Summer"
0,2011,36551543.46,1081648.024,33.79245618,"surfaceSalinity_Summer"
0,2012,36594303.39,1081648.024,33.83198838,"surfaceSalinity_Summer"
0,2013,36582380.77,1081648.024,33.82096574,"surfaceSalinity_Summer"
0,2014,36597070.18,1081648.024,33.83454632,"surfaceSalinity_Summer"
0,2015,36614331.8,1081648.024,33.85050495,"surfaceSalinity_Summer"
0,2016,36639891.5,1081648.024,33.87413529,"surfaceSalinity_Summer"
0,2017,36627552,1081648.024,33.86272723,"surfaceSalinity_Summer"
0,2018,36601811.17,1081648.024,33.83892944,"surfaceSalinity_Summer"
0,2019,36617637.1,1081648.024,33.85356075,"surfaceSalinity_Summer"
0,2020,36599494.04,1081648.024,33.83678722,"surfaceSalinity_Summer"
0,2021,36598110.45,1081648.024,33.83550806,"surfaceSalinity_Summer"
0,2022,36591483.1,1081648.024,33.82938098,"surfaceSalinity_Summer"
0,2023,36598270.27,1081648.024,33.83565582,"surfaceSalinity_Summer"
0,2024,36670849.22,1081648.024,33.90275616,"surfaceSalinity_Summer"
1,1998,47895136.37,1414462.801,33.86100811,"surfaceSalinity_Summer"
1,1999,47895154.46,1414462.801,33.8610209,"surfaceSalinity_Summer"
1,2000,47895249.05,1414462.801,33.86108777,"surfaceSalinity_Summer"
1,2001,47894185.74,1414462.801,33.86033603,"surfaceSalinity_Summer"
1,2002,47894423.27,1414462.801,33.86050396,"surfaceSalinity_Summer"
1,2003,47894672.99,1414462.801,33.86068051,"surfaceSalinity_Summer"
1,2004,47894977.41,1414462.801,33.86089573,"surfaceSalinity_Summer"
1,2005,47896605.21,1414462.801,33.86204655,"surfaceSalinity_Summer"
1,2006,47894223.44,1414462.801,33.86036268,"surfaceSalinity_Summer"
1,2007,47886749.11,1414462.801,33.85507846,"surfaceSalinity_Summer"
1,2008,47903243.77,1414462.801,33.86673989,"surfaceSalinity_Summer"
1,2009,47892810.91,1414462.801,33.85936405,"surfaceSalinity_Summer"
1,2010,47875590.51,1414462.801,33.84718954,"surfaceSalinity_Summer"
1,2011,47814167.53,1414462.801,33.80376458,"surfaceSalinity_Summer"
1,2012,47846493.42,1414462.801,33.82661841,"surfaceSalinity_Summer"
1,2013,47867839.34,1414462.801,33.84170959,"surfaceSalinity_Summer"
1,2014,47867152.32,1414462.801,33.84122388,"surfaceSalinity_Summer"
1,2015,47873859.48,1414462.801,33.84596572,"surfaceSalinity_Summer"
1,2016,47926664.79,1414462.801,33.88329814,"surfaceSalinity_Summer"
1,2017,47911705.02,1414462.801,33.87272185,"surfaceSalinity_Summer"
1,2018,47883230.91,1414462.801,33.85259116,"surfaceSalinity_Summer"
1,2019,47858101.15,1414462.801,33.83482487,"surfaceSalinity_Summer"
1,2020,47869004.45,1414462.801,33.8425333,"surfaceSalinity_Summer"
1,2021,47897333.94,1414462.801,33.86256175,"surfaceSalinity_Summer"
1,2022,47952409.93,1414462.801,33.90149949,"surfaceSalinity_Summer"
1,2023,47880778.52,1414462.801,33.85085737,"surfaceSalinity_Summer"
1,2024,47901164.56,1414462.801,33.86526993,"surfaceSalinity_Summer"
4,1998,34902044.2,1030353.571,33.87385184,"surfaceSalinity_Summer"
4,1999,34902521.55,1030353.571,33.87431513,"surfaceSalinity_Summer"
4,2000,34901670.83,1030353.571,33.87348947,"surfaceSalinity_Summer"
4,2001,34903269.84,1030353.571,33.87504137,"surfaceSalinity_Summer"
4,2002,34902308.36,1030353.571,33.87410821,"surfaceSalinity_Summer"
4,2003,34903268.35,1030353.571,33.87503993,"surfaceSalinity_Summer"
4,2004,34900381.26,1030353.571,33.87223788,"surfaceSalinity_Summer"
4,2005,34861424.36,1030353.571,33.83442863,"surfaceSalinity_Summer"
4,2006,34888221.93,1030353.571,33.86043676,"surfaceSalinity_Summer"
4,2007,34887028.53,1030353.571,33.85927851,"surfaceSalinity_Summer"
4,2008,34927157.75,1030353.571,33.89822556,"surfaceSalinity_Summer"
4,2009,34921322.46,1030353.571,33.89256217,"surfaceSalinity_Summer"
4,2010,34911386.24,1030353.571,33.88291867,"surfaceSalinity_Summer"
4,2011,34890393.21,1030353.571,33.86254408,"surfaceSalinity_Summer"
4,2012,34877213.73,1030353.571,33.84975286,"surfaceSalinity_Summer"
4,2013,34895712.26,1030353.571,33.86770643,"surfaceSalinity_Summer"
4,2014,34876996.32,1030353.571,33.84954185,"surfaceSalinity_Summer"
4,2015,34906659.24,1031035.805,33.8559137,"surfaceSalinity_Summer"
4,2016,34931217.74,1031035.805,33.87973295,"surfaceSalinity_Summer"
4,2017,34866888.68,1031035.805,33.81734029,"surfaceSalinity_Summer"
4,2018,34928487.07,1031035.805,33.87708448,"surfaceSalinity_Summer"
4,2019,34919570.99,1031035.805,33.86843679,"surfaceSalinity_Summer"
4,2020,34910203.54,1031035.805,33.85935131,"surfaceSalinity_Summer"
4,2021,34884085.14,1031035.805,33.83401911,"surfaceSalinity_Summer"
4,2022,34901916.95,1031035.805,33.85131416,"surfaceSalinity_Summer"
4,2023,34878255.4,1030353.571,33.85076384,"surfaceSalinity_Summer"
4,2024,34927942.99,1030353.571,33.89898767,"surfaceSalinity_Summer"
9,1998,19837546.14,585915.4158,33.85735485,"surfaceSalinity_Summer"
9,1999,19834772.85,585915.4158,33.85262158,"surfaceSalinity_Summer"
9,2000,19834748.7,585915.4158,33.85258037,"surfaceSalinity_Summer"
9,2001,19836015.94,585915.4158,33.8547432,"surfaceSalinity_Summer"
9,2002,19834684.52,585915.4158,33.85247083,"surfaceSalinity_Summer"
9,2003,19834172.53,585915.4158,33.851597,"surfaceSalinity_Summer"
9,2004,19835487.29,585915.4158,33.85384095,"surfaceSalinity_Summer"
9,2005,19840947.34,585915.4158,33.86315978,"surfaceSalinity_Summer"
9,2006,19833626.62,585915.4158,33.85066528,"surfaceSalinity_Summer"
9,2007,19809063.69,585915.4158,33.80874297,"surfaceSalinity_Summer"
9,2008,19829393.69,585915.4158,33.84344081,"surfaceSalinity_Summer"
9,2009,19831373.43,585915.4158,33.84681968,"surfaceSalinity_Summer"
9,2010,19836602.78,585915.4158,33.85574479,"surfaceSalinity_Summer"
9,2011,19832599.83,585915.4158,33.84891283,"surfaceSalinity_Summer"
9,2012,19831267.26,585915.4158,33.84663848,"surfaceSalinity_Summer"
9,2013,19824045.18,585915.4158,33.83431234,"surfaceSalinity_Summer"
9,2014,19822236.53,585915.4158,33.83122545,"surfaceSalinity_Summer"
9,2015,19818572.24,585915.4158,33.82497149,"surfaceSalinity_Summer"
9,2016,19822562.12,585915.4158,33.83178115,"surfaceSalinity_Summer"
9,2017,19832021.25,585915.4158,33.84792534,"surfaceSalinity_Summer"
9,2018,19819134.06,585915.4158,33.82593037,"surfaceSalinity_Summer"
9,2019,19811163.71,585915.4158,33.81232714,"surfaceSalinity_Summer"
9,2020,19833277.71,585915.4158,33.85006978,"surfaceSalinity_Summer"
9,2021,19853699.23,585915.4158,33.88492383,"surfaceSalinity_Summer"
9,2022,19873858.83,585915.4158,33.91933083,"surfaceSalinity_Summer"
9,2023,19814593.32,585915.4158,33.81818055,"surfaceSalinity_Summer"
9,2024,19830591.78,585915.4158,33.84548561,"surfaceSalinity_Summer"
8,1998,22642820.22,669919.9383,33.79929291,"surfaceSalinity_Summer"
8,1999,22642678.49,669919.9383,33.79908134,"surfaceSalinity_Summer"
8,2000,22637940.47,669919.9383,33.79200884,"surfaceSalinity_Summer"
8,2001,22641430.98,669919.9383,33.79721917,"surfaceSalinity_Summer"
8,2002,22644356.32,669919.9383,33.80158587,"surfaceSalinity_Summer"
8,2003,22642567.31,669919.9383,33.79891539,"surfaceSalinity_Summer"
8,2004,22643471.66,669919.9383,33.80026533,"surfaceSalinity_Summer"
8,2005,22637105.77,669919.9383,33.79076287,"surfaceSalinity_Summer"
8,2006,22623890.48,669919.9383,33.77103619,"surfaceSalinity_Summer"
8,2007,22640216.79,669919.9383,33.79540673,"surfaceSalinity_Summer"
8,2008,22641078.43,669919.9383,33.79669292,"surfaceSalinity_Summer"
8,2009,22621311.46,669919.9383,33.76718645,"surfaceSalinity_Summer"
8,2010,22623032.74,669919.9383,33.76975582,"surfaceSalinity_Summer"
8,2011,22614807.41,669919.9383,33.75747775,"surfaceSalinity_Summer"
8,2012,22642005.89,669919.9383,33.79807735,"surfaceSalinity_Summer"
8,2013,22626675.91,669919.9383,33.77519404,"surfaceSalinity_Summer"
8,2014,22632828.99,669919.9383,33.78437885,"surfaceSalinity_Summer"
8,2015,22639075.62,669919.9383,33.79370328,"surfaceSalinity_Summer"
8,2016,22628232.96,669919.9383,33.77751828,"surfaceSalinity_Summer"
8,2017,22620067.79,669919.9383,33.76533001,"surfaceSalinity_Summer"
8,2018,22621140.08,669919.9383,33.76693062,"surfaceSalinity_Summer"
8,2019,22597758.27,669919.9383,33.73202822,"surfaceSalinity_Summer"
8,2020,22630687.48,669919.9383,33.78118218,"surfaceSalinity_Summer"
8,2021,22646169.74,669919.9383,33.8042928,"surfaceSalinity_Summer"
8,2022,22682161.75,669919.9383,33.85801863,"surfaceSalinity_Summer"
8,2023,22600059.84,669919.9383,33.73546382,"surfaceSalinity_Summer"
8,2024,22667595.09,669919.9383,33.83627475,"surfaceSalinity_Summer"
6,1998,70931681.14,2072257.744,34.22917895,"surfaceSalinity_Winter"
6,1999,70937240.49,2072257.744,34.2318617,"surfaceSalinity_Winter"
6,2000,70932957.32,2072257.744,34.22979479,"surfaceSalinity_Winter"
6,2001,70931479.92,2072257.744,34.22908185,"surfaceSalinity_Winter"
6,2002,70928343.34,2072257.744,34.22756825,"surfaceSalinity_Winter"
6,2003,70929993.8,2072257.744,34.2283647,"surfaceSalinity_Winter"
6,2004,70935275.62,2072257.744,34.23091352,"surfaceSalinity_Winter"
6,2005,70936453.81,2072257.744,34.23148208,"surfaceSalinity_Winter"
6,2006,70929957.69,2072257.744,34.22834727,"surfaceSalinity_Winter"
6,2007,70929078.18,2072257.744,34.22792285,"surfaceSalinity_Winter"
6,2008,70943210.41,2072257.744,34.23474258,"surfaceSalinity_Winter"
6,2009,70933870.55,2072257.744,34.23023549,"surfaceSalinity_Winter"
6,2010,70939185.14,2072257.744,34.23280012,"surfaceSalinity_Winter"
6,2011,70942337.03,2072257.744,34.23432112,"surfaceSalinity_Winter"
6,2012,70927370.43,2072257.744,34.22709875,"surfaceSalinity_Winter"
6,2013,70927599.91,2072257.744,34.22720949,"surfaceSalinity_Winter"
6,2014,71026810.35,2072257.744,34.27508502,"surfaceSalinity_Winter"
6,2015,71295004,2082200.457,34.24022108,"surfaceSalinity_Winter"
6,2016,71282918.68,2082200.457,34.23441697,"surfaceSalinity_Winter"
6,2017,71262814.23,2082200.457,34.22476159,"surfaceSalinity_Winter"
6,2018,71605234.3,2091973.147,34.22856284,"surfaceSalinity_Winter"
6,2019,71614095.01,2091973.147,34.23279841,"surfaceSalinity_Winter"
6,2020,70957514.51,2072740.01,34.23367821,"surfaceSalinity_Winter"
6,2021,71000924.38,2072740.01,34.25462143,"surfaceSalinity_Winter"
6,2022,70949569.84,2072740.01,34.22984528,"surfaceSalinity_Winter"
6,2023,70933209.8,2072257.744,34.22991663,"surfaceSalinity_Winter"
6,2024,70933116.22,2072257.744,34.22987147,"surfaceSalinity_Winter"
7,1998,213532440.7,6273964.732,34.03468936,"surfaceSalinity_Winter"
7,1999,213526056.9,6273964.732,34.03367185,"surfaceSalinity_Winter"
7,2000,213531592.2,6273964.732,34.03455412,"surfaceSalinity_Winter"
7,2001,213532036.3,6273964.732,34.0346249,"surfaceSalinity_Winter"
7,2002,213524764.9,6273964.732,34.03346592,"surfaceSalinity_Winter"
7,2003,213528246.5,6273964.732,34.03402085,"surfaceSalinity_Winter"
7,2004,213536706,6273964.732,34.03536919,"surfaceSalinity_Winter"
7,2005,213516950.5,6273964.732,34.0322204,"surfaceSalinity_Winter"
7,2006,213634170.1,6273964.732,34.05090388,"surfaceSalinity_Winter"
7,2007,213516250.8,6273964.732,34.03210887,"surfaceSalinity_Winter"
7,2008,213623987.1,6273964.732,34.04928083,"surfaceSalinity_Winter"
7,2009,213430306.5,6273964.732,34.0184103,"surfaceSalinity_Winter"
7,2010,213656020.1,6273964.732,34.05438654,"surfaceSalinity_Winter"
7,2011,213481894.5,6273964.732,34.02663286,"surfaceSalinity_Winter"
7,2012,213535032.6,6273964.732,34.03510248,"surfaceSalinity_Winter"
7,2013,213557022.1,6273964.732,34.03860736,"surfaceSalinity_Winter"
7,2014,213547396,6273964.732,34.03707307,"surfaceSalinity_Winter"
7,2015,213671910.4,6275581.974,34.04814268,"surfaceSalinity_Winter"
7,2016,213632157,6275581.974,34.04180805,"surfaceSalinity_Winter"
7,2017,213550953.1,6275581.974,34.02886839,"surfaceSalinity_Winter"
7,2018,213804909.9,6276948.996,34.06191608,"surfaceSalinity_Winter"
7,2019,213712551.9,6276948.996,34.04720224,"surfaceSalinity_Winter"
7,2020,213660140.8,6274097.464,34.05432287,"surfaceSalinity_Winter"
7,2021,213583417.9,6274097.464,34.04209436,"surfaceSalinity_Winter"
7,2022,213564318.9,6274097.464,34.03905026,"surfaceSalinity_Winter"
7,2023,213646308.3,6273964.732,34.05283859,"surfaceSalinity_Winter"
7,2024,213786830.3,6273964.732,34.07523622,"surfaceSalinity_Winter"
2,1998,20882593.77,613449.881,34.0412386,"surfaceSalinity_Winter"
2,1999,20880441.23,613449.881,34.03772969,"surfaceSalinity_Winter"
2,2000,20881527,613449.881,34.03949963,"surfaceSalinity_Winter"
2,2001,20881619.09,613449.881,34.03964976,"surfaceSalinity_Winter"
2,2002,20879441.4,613449.881,34.03609984,"surfaceSalinity_Winter"
2,2003,20881504.17,613449.881,34.03946242,"surfaceSalinity_Winter"
2,2004,20879732.41,613449.881,34.03657424,"surfaceSalinity_Winter"
2,2005,20870333.39,613449.881,34.02125266,"surfaceSalinity_Winter"
2,2006,20889866.22,613449.881,34.05309361,"surfaceSalinity_Winter"
2,2007,20880659.65,613449.881,34.03808574,"surfaceSalinity_Winter"
2,2008,20869590.4,613449.881,34.02004148,"surfaceSalinity_Winter"
2,2009,20870858.68,613449.881,34.02210895,"surfaceSalinity_Winter"
2,2010,20855522.12,613449.881,33.99710843,"surfaceSalinity_Winter"
2,2011,20868898.51,613449.881,34.01891363,"surfaceSalinity_Winter"
2,2012,20883161.89,613449.881,34.04216471,"surfaceSalinity_Winter"
2,2013,20878395.44,613449.881,34.03439481,"surfaceSalinity_Winter"
2,2014,20878889.76,613449.881,34.0352006,"surfaceSalinity_Winter"
2,2015,21089488.35,618909.3598,34.07524546,"surfaceSalinity_Winter"
2,2016,21072553.72,618909.3598,34.04788341,"surfaceSalinity_Winter"
2,2017,21030889.29,618909.3598,33.98056428,"surfaceSalinity_Winter"
2,2018,21173287.4,621250.1385,34.08174274,"surfaceSalinity_Winter"
2,2019,21125980.02,621250.1385,34.00559406,"surfaceSalinity_Winter"
2,2020,20910474.07,615037.2331,33.99871251,"surfaceSalinity_Winter"
2,2021,20919517.03,615037.2331,34.01341562,"surfaceSalinity_Winter"
2,2022,21014580.83,615037.2331,34.16798155,"surfaceSalinity_Winter"
2,2023,20878004.97,613449.881,34.03375829,"surfaceSalinity_Winter"
2,2024,20878652.43,613449.881,34.03481373,"surfaceSalinity_Winter"
3,1998,29219949.06,856593.2568,34.11181308,"surfaceSalinity_Winter"
3,1999,29216062.18,856593.2568,34.10727547,"surfaceSalinity_Winter"
3,2000,29218923.52,856593.2568,34.11061585,"surfaceSalinity_Winter"
3,2001,29220159.32,856593.2568,34.11205854,"surfaceSalinity_Winter"
3,2002,29216508.16,856593.2568,34.10779612,"surfaceSalinity_Winter"
3,2003,29218811.32,856593.2568,34.11048486,"surfaceSalinity_Winter"
3,2004,29199436.9,856593.2568,34.08786688,"surfaceSalinity_Winter"
3,2005,29202113.99,856593.2568,34.09099215,"surfaceSalinity_Winter"
3,2006,29218383.91,856593.2568,34.1099859,"surfaceSalinity_Winter"
3,2007,29218326.31,856593.2568,34.10991866,"surfaceSalinity_Winter"
3,2008,29234423.91,856593.2568,34.12871124,"surfaceSalinity_Winter"
3,2009,29232098.69,856593.2568,34.12599674,"surfaceSalinity_Winter"
3,2010,29200389.11,856593.2568,34.08897849,"surfaceSalinity_Winter"
3,2011,29224800.93,856593.2568,34.11747722,"surfaceSalinity_Winter"
3,2012,29208631.1,856593.2568,34.09860032,"surfaceSalinity_Winter"
3,2013,29173010.99,856593.2568,34.05701686,"surfaceSalinity_Winter"
3,2014,29215781.65,856593.2568,34.10694798,"surfaceSalinity_Winter"
3,2015,29201548.67,856593.2568,34.09033218,"surfaceSalinity_Winter"
3,2016,29225145.08,856593.2568,34.11787899,"surfaceSalinity_Winter"
3,2017,29237183.1,856593.2568,34.13193237,"surfaceSalinity_Winter"
3,2018,29208610.81,856593.2568,34.09857663,"surfaceSalinity_Winter"
3,2019,29212558.23,856593.2568,34.10318491,"surfaceSalinity_Winter"
3,2020,29212051.4,856593.2568,34.10259323,"surfaceSalinity_Winter"
3,2021,29227960.21,856593.2568,34.12116542,"surfaceSalinity_Winter"
3,2022,29262434.49,856593.2568,34.16141122,"surfaceSalinity_Winter"
3,2023,29234333,856593.2568,34.12860511,"surfaceSalinity_Winter"
3,2024,29217464.14,856593.2568,34.10891215,"surfaceSalinity_Winter"
5,1998,32101885.11,944992.3502,33.97052378,"surfaceSalinity_Winter"
5,1999,32101736.55,944992.3502,33.97036657,"surfaceSalinity_Winter"
5,2000,32102401.69,944992.3502,33.97107043,"surfaceSalinity_Winter"
5,2001,32102164.79,944992.3502,33.97081975,"surfaceSalinity_Winter"
5,2002,32100449.84,944992.3502,33.96900497,"surfaceSalinity_Winter"
5,2003,32101045.2,944992.3502,33.96963498,"surfaceSalinity_Winter"
5,2004,32101566.76,944992.3502,33.9701869,"surfaceSalinity_Winter"
5,2005,32109431.83,944992.3502,33.97850979,"surfaceSalinity_Winter"
5,2006,32084528.42,944992.3502,33.95215677,"surfaceSalinity_Winter"
5,2007,32096619.41,944992.3502,33.96495157,"surfaceSalinity_Winter"
5,2008,32093644.49,944992.3502,33.96180348,"surfaceSalinity_Winter"
5,2009,32133626.25,944992.3502,34.00411257,"surfaceSalinity_Winter"
5,2010,32135411.11,944992.3502,34.00600132,"surfaceSalinity_Winter"
5,2011,32101984.08,944992.3502,33.97062851,"surfaceSalinity_Winter"
5,2012,32097761.98,944992.3502,33.96616065,"surfaceSalinity_Winter"
5,2013,32083360.25,944992.3502,33.9509206,"surfaceSalinity_Winter"
5,2014,32090410.49,944992.3502,33.95838123,"surfaceSalinity_Winter"
5,2015,32119401.08,944992.3502,33.98905936,"surfaceSalinity_Winter"
5,2016,32120170.94,944992.3502,33.98987403,"surfaceSalinity_Winter"
5,2017,32112322.02,944992.3502,33.98156822,"surfaceSalinity_Winter"
5,2018,32112363.73,944992.3502,33.98161236,"surfaceSalinity_Winter"
5,2019,32118278.04,944992.3502,33.98787094,"surfaceSalinity_Winter"
5,2020,32084263.87,944992.3502,33.95187682,"surfaceSalinity_Winter"
5,2021,32047511.21,944992.3502,33.9129848,"surfaceSalinity_Winter"
5,2022,32186471.02,944992.3502,34.06003341,"surfaceSalinity_Winter"
5,2023,32125857.39,944992.3502,33.99589148,"surfaceSalinity_Winter"
5,2024,32113472.76,944992.3502,33.98278595,"surfaceSalinity_Winter"
0,1998,36691822.88,1081648.024,33.92214664,"surfaceSalinity_Winter"
0,1999,36690976.91,1081648.024,33.92136451,"surfaceSalinity_Winter"
0,2000,36691574.66,1081648.024,33.92191715,"surfaceSalinity_Winter"
0,2001,36691492.25,1081648.024,33.92184096,"surfaceSalinity_Winter"
0,2002,36691229.46,1081648.024,33.92159801,"surfaceSalinity_Winter"
0,2003,36691979.33,1081648.024,33.92229127,"surfaceSalinity_Winter"
0,2004,36696205.83,1081648.024,33.92619873,"surfaceSalinity_Winter"
0,2005,36695867.8,1081648.024,33.92588622,"surfaceSalinity_Winter"
0,2006,36706908.27,1081648.024,33.9360933,"surfaceSalinity_Winter"
0,2007,36717129.13,1081648.024,33.94554264,"surfaceSalinity_Winter"
0,2008,36683736.73,1081648.024,33.91467086,"surfaceSalinity_Winter"
0,2009,36694187.21,1081648.024,33.92433249,"surfaceSalinity_Winter"
0,2010,36662591.09,1081648.024,33.8951214,"surfaceSalinity_Winter"
0,2011,36679216.94,1081648.024,33.91049225,"surfaceSalinity_Winter"
0,2012,36690573.63,1081648.024,33.92099168,"surfaceSalinity_Winter"
0,2013,36679543.1,1081648.024,33.91079379,"surfaceSalinity_Winter"
0,2014,36692710.37,1081648.024,33.92296713,"surfaceSalinity_Winter"
0,2015,36730655.34,1081648.024,33.95804783,"surfaceSalinity_Winter"
0,2016,36667684.01,1081648.024,33.89982988,"surfaceSalinity_Winter"
0,2017,36683761.83,1081648.024,33.91469407,"surfaceSalinity_Winter"
0,2018,36688430.96,1081648.024,33.91901075,"surfaceSalinity_Winter"
0,2019,36722995.07,1081648.024,33.95096579,"surfaceSalinity_Winter"
0,2020,36706462.57,1081648.024,33.93568125,"surfaceSalinity_Winter"
0,2021,36732557.62,1081648.024,33.95980652,"surfaceSalinity_Winter"
0,2022,36674535.91,1081648.024,33.90616457,"surfaceSalinity_Winter"
0,2023,36675500.12,1081648.024,33.90705599,"surfaceSalinity_Winter"
0,2024,36750216.3,1081648.024,33.97613223,"surfaceSalinity_Winter"
1,1998,47952739.82,1414462.801,33.90173272,"surfaceSalinity_Winter"
1,1999,47950772.13,1414462.801,33.9003416,"surfaceSalinity_Winter"
1,2000,47952486.88,1414462.801,33.9015539,"surfaceSalinity_Winter"
1,2001,47952724.26,1414462.801,33.90172172,"surfaceSalinity_Winter"
1,2002,47951530.08,1414462.801,33.90087746,"surfaceSalinity_Winter"
1,2003,47952194.4,1414462.801,33.90134712,"surfaceSalinity_Winter"
1,2004,47951424.84,1414462.801,33.90080305,"surfaceSalinity_Winter"
1,2005,47941644.13,1414462.801,33.89388826,"surfaceSalinity_Winter"
1,2006,47951955.37,1414462.801,33.90117813,"surfaceSalinity_Winter"
1,2007,47964000.68,1414462.801,33.90969395,"surfaceSalinity_Winter"
1,2008,47975308.79,1414462.801,33.91768858,"surfaceSalinity_Winter"
1,2009,47949928.88,1414462.801,33.89974544,"surfaceSalinity_Winter"
1,2010,47931162.84,1414462.801,33.88647818,"surfaceSalinity_Winter"
1,2011,47883098.54,1414462.801,33.85249758,"surfaceSalinity_Winter"
1,2012,47909316.78,1414462.801,33.8710334,"surfaceSalinity_Winter"
1,2013,47928518.02,1414462.801,33.88460834,"surfaceSalinity_Winter"
1,2014,47942537.45,1414462.801,33.89451983,"surfaceSalinity_Winter"
1,2015,47992086.38,1414462.801,33.92955004,"surfaceSalinity_Winter"
1,2016,48003531.32,1414462.801,33.9376414,"surfaceSalinity_Winter"
1,2017,48000155.17,1414462.801,33.93525453,"surfaceSalinity_Winter"
1,2018,47925014.42,1414462.801,33.88213136,"surfaceSalinity_Winter"
1,2019,47977155.57,1414462.801,33.91899422,"surfaceSalinity_Winter"
1,2020,47971568.53,1414462.801,33.91504428,"surfaceSalinity_Winter"
1,2021,47966681.91,1414462.801,33.91158953,"surfaceSalinity_Winter"
1,2022,47949783.18,1414462.801,33.89964243,"surfaceSalinity_Winter"
1,2023,47903181.32,1414462.801,33.86669575,"surfaceSalinity_Winter"
1,2024,47949916.95,1414462.801,33.89973701,"surfaceSalinity_Winter"
4,1998,34968242.32,1030353.571,33.9380998,"surfaceSalinity_Winter"
4,1999,34967048.14,1030353.571,33.9369408,"surfaceSalinity_Winter"
4,2000,34966862.92,1030353.571,33.93676104,"surfaceSalinity_Winter"
4,2001,34967958.44,1030353.571,33.93782428,"surfaceSalinity_Winter"
4,2002,34967370.43,1030353.571,33.93725359,"surfaceSalinity_Winter"
4,2003,34968476.1,1030353.571,33.93832669,"surfaceSalinity_Winter"
4,2004,34965158.21,1030353.571,33.93510655,"surfaceSalinity_Winter"
4,2005,34964910.42,1030353.571,33.93486606,"surfaceSalinity_Winter"
4,2006,34944240.66,1030353.571,33.91480521,"surfaceSalinity_Winter"
4,2007,34963045,1030353.571,33.93305559,"surfaceSalinity_Winter"
4,2008,34979985.61,1030353.571,33.94949714,"surfaceSalinity_Winter"
4,2009,35020107.22,1030353.571,33.98843679,"surfaceSalinity_Winter"
4,2010,34963922.02,1030353.571,33.93390678,"surfaceSalinity_Winter"
4,2011,34952775.48,1030353.571,33.9230886,"surfaceSalinity_Winter"
4,2012,34969827.29,1030353.571,33.93963808,"surfaceSalinity_Winter"
4,2013,34915207.15,1030353.571,33.88662702,"surfaceSalinity_Winter"
4,2014,34966841.52,1030353.571,33.93674027,"surfaceSalinity_Winter"
4,2015,34973642.45,1031035.805,33.92088061,"surfaceSalinity_Winter"
4,2016,34982965.92,1031035.805,33.92992343,"surfaceSalinity_Winter"
4,2017,34971671.82,1031035.805,33.9189693,"surfaceSalinity_Winter"
4,2018,34990998.05,1031035.805,33.93771378,"surfaceSalinity_Winter"
4,2019,35011859.59,1031035.805,33.95794735,"surfaceSalinity_Winter"
4,2020,35006736.69,1031035.805,33.95297866,"surfaceSalinity_Winter"
4,2021,34971337.53,1031035.805,33.91864507,"surfaceSalinity_Winter"
4,2022,35044905.44,1031035.805,33.98999848,"surfaceSalinity_Winter"
4,2023,34953970.88,1030353.571,33.92424879,"surfaceSalinity_Winter"
4,2024,35016713.01,1030353.571,33.98514257,"surfaceSalinity_Winter"
9,1998,19859643.54,585915.4158,33.89506916,"surfaceSalinity_Winter"
9,1999,19856780.02,585915.4158,33.8901819,"surfaceSalinity_Winter"
9,2000,19857920.6,585915.4158,33.89212857,"surfaceSalinity_Winter"
9,2001,19856825.08,585915.4158,33.89025882,"surfaceSalinity_Winter"
9,2002,19857783.73,585915.4158,33.89189496,"surfaceSalinity_Winter"
9,2003,19857139.11,585915.4158,33.89079477,"surfaceSalinity_Winter"
9,2004,19866784.02,585915.4158,33.90725604,"surfaceSalinity_Winter"
9,2005,19852136.74,585915.4158,33.88225708,"surfaceSalinity_Winter"
9,2006,19856952.5,585915.4158,33.89047627,"surfaceSalinity_Winter"
9,2007,19860158.85,585915.4158,33.89594865,"surfaceSalinity_Winter"
9,2008,19839657.13,585915.4158,33.86095773,"surfaceSalinity_Winter"
9,2009,19875477.4,585915.4158,33.92209329,"surfaceSalinity_Winter"
9,2010,19860648.91,585915.4158,33.89678505,"surfaceSalinity_Winter"
9,2011,19864370.76,585915.4158,33.90313726,"surfaceSalinity_Winter"
9,2012,19862469.4,585915.4158,33.89989214,"surfaceSalinity_Winter"
9,2013,19853126.59,585915.4158,33.88394648,"surfaceSalinity_Winter"
9,2014,19852080.8,585915.4158,33.8821616,"surfaceSalinity_Winter"
9,2015,19827657.65,585915.4158,33.84047785,"surfaceSalinity_Winter"
9,2016,19853553.01,585915.4158,33.88467426,"surfaceSalinity_Winter"
9,2017,19852138.5,585915.4158,33.88226007,"surfaceSalinity_Winter"
9,2018,19850248.4,585915.4158,33.87903418,"surfaceSalinity_Winter"
9,2019,19859512.44,585915.4158,33.89484541,"surfaceSalinity_Winter"
9,2020,19850237.77,585915.4158,33.87901604,"surfaceSalinity_Winter"
9,2021,19884174.19,585915.4158,33.93693639,"surfaceSalinity_Winter"
9,2022,19828738.97,585915.4158,33.84232337,"surfaceSalinity_Winter"
9,2023,19869584.34,585915.4158,33.91203543,"surfaceSalinity_Winter"
9,2024,19840963.77,585915.4158,33.86318782,"surfaceSalinity_Winter"
8,1998,22653582.31,669919.9383,33.81535765,"surfaceSalinity_Winter"
8,1999,22652418.68,669919.9383,33.81362068,"surfaceSalinity_Winter"
8,2000,22652497.07,669919.9383,33.81373769,"surfaceSalinity_Winter"
8,2001,22652726.97,669919.9383,33.81408088,"surfaceSalinity_Winter"
8,2002,22652080.45,669919.9383,33.8131158,"surfaceSalinity_Winter"
8,2003,22652076.79,669919.9383,33.81311034,"surfaceSalinity_Winter"
8,2004,22659851.36,669919.9383,33.82471556,"surfaceSalinity_Winter"
8,2005,22652747,669919.9383,33.81411077,"surfaceSalinity_Winter"
8,2006,22639932.63,669919.9383,33.79498256,"surfaceSalinity_Winter"
8,2007,22655598.38,669919.9383,33.81836707,"surfaceSalinity_Winter"
8,2008,22642488.95,669919.9383,33.79879842,"surfaceSalinity_Winter"
8,2009,22634850.16,669919.9383,33.78739588,"surfaceSalinity_Winter"
8,2010,22628175.31,669919.9383,33.77743222,"surfaceSalinity_Winter"
8,2011,22653776.06,669919.9383,33.81564687,"surfaceSalinity_Winter"
8,2012,22640808.75,669919.9383,33.79629036,"surfaceSalinity_Winter"
8,2013,22660242.89,669919.9383,33.8253,"surfaceSalinity_Winter"
8,2014,22646361.54,669919.9383,33.8045791,"surfaceSalinity_Winter"
8,2015,22646952.92,669919.9383,33.80546185,"surfaceSalinity_Winter"
8,2016,22657414.76,669919.9383,33.82107841,"surfaceSalinity_Winter"
8,2017,22637546.39,669919.9383,33.79142058,"surfaceSalinity_Winter"
8,2018,22621919.06,669919.9383,33.76809342,"surfaceSalinity_Winter"
8,2019,22647956.68,669919.9383,33.80696018,"surfaceSalinity_Winter"
8,2020,22655064.25,669919.9383,33.81756977,"surfaceSalinity_Winter"
8,2021,22670414.28,669919.9383,33.84048299,"surfaceSalinity_Winter"
8,2022,22672300.65,669919.9383,33.84329881,"surfaceSalinity_Winter"
8,2023,22599420.26,669919.9383,33.73450911,"surfaceSalinity_Winter"
8,2024,22638847.57,669919.9383,33.79336287,"surfaceSalinity_Winter"
6,1998,625622258.7,2507201.407,249.5301163,"seaiceDays"
6,1999,613266415.4,2507201.407,244.6019748,"seaiceDays"
6,2000,643021684.1,2507201.407,256.469896,"seaiceDays"
6,2001,654153892.1,2507201.407,260.9099892,"seaiceDays"
6,2002,642636863.5,2507201.407,256.3164098,"seaiceDays"
6,2003,718735927.2,2507201.407,286.6686039,"seaiceDays"
6,2004,696701980.8,2507201.407,277.8803405,"seaiceDays"
6,2005,648410170.8,2507201.407,258.6190997,"seaiceDays"
6,2006,631529521.3,2507201.407,251.8862344,"seaiceDays"
6,2007,655216115.8,2507201.407,261.3336583,"seaiceDays"
6,2008,710339603.6,2507201.407,283.3197212,"seaiceDays"
6,2009,698765747.8,2507201.407,278.7034762,"seaiceDays"
6,2010,685453365.3,2507201.407,273.393818,"seaiceDays"
6,2011,652674775.9,2507201.407,260.3200421,"seaiceDays"
6,2012,704091777.4,2507201.407,280.8277689,"seaiceDays"
6,2013,690438876.7,2507201.407,275.3822946,"seaiceDays"
6,2014,715702558.6,2507201.407,285.4587416,"seaiceDays"
6,2015,722540836.4,2507201.407,288.1861961,"seaiceDays"
6,2016,667913848.7,2507201.407,266.3981628,"seaiceDays"
6,2017,639992378.1,2507201.407,255.261654,"seaiceDays"
6,2018,623703829.7,2507201.407,248.7649488,"seaiceDays"
6,2019,606121278.1,2507201.407,241.752129,"seaiceDays"
6,2020,634299961,2507201.407,252.9912273,"seaiceDays"
6,2021,618595500.9,2507201.407,246.7274863,"seaiceDays"
6,2022,632524709.4,2507201.407,252.2831662,"seaiceDays"
6,2023,611686695.8,2507201.407,243.9719019,"seaiceDays"
6,2024,657910879.7,2507201.407,262.4084678,"seaiceDays"
7,1998,749545804.2,6463154.681,115.9721284,"seaiceDays"
7,1999,739390252.2,6463154.681,114.4008288,"seaiceDays"
7,2000,820074874.1,6463154.681,126.884612,"seaiceDays"
7,2001,754508206.3,6463154.681,116.7399271,"seaiceDays"
7,2002,822608094.2,6463154.681,127.27656,"seaiceDays"
7,2003,894769417.8,6463154.681,138.4415911,"seaiceDays"
7,2004,870440616.5,6463154.681,134.6773611,"seaiceDays"
7,2005,794924786.9,6463154.681,122.99331,"seaiceDays"
7,2006,805574067.6,6463154.681,124.6410008,"seaiceDays"
7,2007,838234233.1,6463154.681,129.6942862,"seaiceDays"
7,2008,888796896.3,6463154.681,137.5175035,"seaiceDays"
7,2009,837702272.2,6463154.681,129.6119795,"seaiceDays"
7,2010,826549098.1,6463154.681,127.8863247,"seaiceDays"
7,2011,748165446.1,6463154.681,115.7585549,"seaiceDays"
7,2012,853472943.3,6463154.681,132.0520683,"seaiceDays"
7,2013,798051498.2,6463154.681,123.4770847,"seaiceDays"
7,2014,870625373.1,6463154.681,134.7059472,"seaiceDays"
7,2015,863558408.6,6463154.681,133.6125238,"seaiceDays"
7,2016,787102207.6,6463154.681,121.7829754,"seaiceDays"
7,2017,683731077.8,6463154.681,105.789063,"seaiceDays"
7,2018,679104944.7,6463154.681,105.0732929,"seaiceDays"
7,2019,719286700,6463154.681,111.2903428,"seaiceDays"
7,2020,758848076.4,6463154.681,117.4114057,"seaiceDays"
7,2021,770376399.8,6463154.681,119.1951048,"seaiceDays"
7,2022,672313441.2,6463154.681,104.0224897,"seaiceDays"
7,2023,564828762.5,6463154.681,87.39211582,"seaiceDays"
7,2024,563503404.2,6463154.681,87.18705216,"seaiceDays"
2,1998,62640019.58,665702.017,94.09618415,"seaiceDays"
2,1999,56712213.46,665702.017,85.19159026,"seaiceDays"
2,2000,58825218.39,665702.017,88.3656905,"seaiceDays"
2,2001,63667258.91,665702.017,95.63927597,"seaiceDays"
2,2002,86594121.77,665702.017,130.0794043,"seaiceDays"
2,2003,61320309.07,665702.017,92.11374987,"seaiceDays"
2,2004,72975244.13,665702.017,109.6214857,"seaiceDays"
2,2005,77914627.71,665702.017,117.0412973,"seaiceDays"
2,2006,65067254.63,665702.017,97.74231258,"seaiceDays"
2,2007,72472223.99,665702.017,108.8658621,"seaiceDays"
2,2008,49911281.81,665702.017,74.97541022,"seaiceDays"
2,2009,72699171.58,665702.017,109.2067768,"seaiceDays"
2,2010,59850751.12,665702.017,89.90621869,"seaiceDays"
2,2011,79223168.08,665702.017,119.0069522,"seaiceDays"
2,2012,74806195.3,665702.017,112.3718922,"seaiceDays"
2,2013,92505361.81,665702.017,138.959113,"seaiceDays"
2,2014,79592968.46,665702.017,119.5624565,"seaiceDays"
2,2015,99713276.69,665702.017,149.7866525,"seaiceDays"
2,2016,67282365.32,665702.017,101.0697934,"seaiceDays"
2,2017,63080370.65,665702.017,94.75766792,"seaiceDays"
2,2018,56750454.58,665702.017,85.24903506,"seaiceDays"
2,2019,70467703.46,665702.017,105.8547243,"seaiceDays"
2,2020,66918813.03,665702.017,100.5236748,"seaiceDays"
2,2021,41958982.73,665702.017,63.02967643,"seaiceDays"
2,2022,32498322.14,665702.017,48.81812178,"seaiceDays"
2,2023,48771986.08,665702.017,73.26399025,"seaiceDays"
2,2024,73369997.07,665702.017,110.2144731,"seaiceDays"
3,1998,154093597.1,857782.7506,179.6417531,"seaiceDays"
3,1999,99637143.22,857782.7506,116.1566179,"seaiceDays"
3,2000,130290703.9,857782.7506,151.8924271,"seaiceDays"
3,2001,132331118.7,857782.7506,154.2711352,"seaiceDays"
3,2002,123280382.2,857782.7506,143.7198196,"seaiceDays"
3,2003,136743732.3,857782.7506,159.415344,"seaiceDays"
3,2004,147389255.9,857782.7506,171.8258566,"seaiceDays"
3,2005,146697369.5,857782.7506,171.019258,"seaiceDays"
3,2006,133094130.6,857782.7506,155.1606517,"seaiceDays"
3,2007,143499611,857782.7506,167.2913227,"seaiceDays"
3,2008,129689878.1,857782.7506,151.1919865,"seaiceDays"
3,2009,114394293.1,857782.7506,133.3604494,"seaiceDays"
3,2010,123937904.5,857782.7506,144.4863568,"seaiceDays"
3,2011,122345219,857782.7506,142.6296098,"seaiceDays"
3,2012,146155528.5,857782.7506,170.3875817,"seaiceDays"
3,2013,161126220.7,857782.7506,187.8403601,"seaiceDays"
3,2014,157408773.2,857782.7506,183.5065733,"seaiceDays"
3,2015,170398354.5,857782.7506,198.6497798,"seaiceDays"
3,2016,127317588.2,857782.7506,148.4263797,"seaiceDays"
3,2017,117369563,857782.7506,136.8290082,"seaiceDays"
3,2018,101824096.5,857782.7506,118.7061601,"seaiceDays"
3,2019,134994661.9,857782.7506,157.3762842,"seaiceDays"
3,2020,134600201.8,857782.7506,156.916424,"seaiceDays"
3,2021,83580387.04,857782.7506,97.43771017,"seaiceDays"
3,2022,85383547.71,857782.7506,99.5398283,"seaiceDays"
3,2023,92151521.58,857782.7506,107.4299075,"seaiceDays"
3,2024,151576404.1,857782.7506,176.7072187,"seaiceDays"
5,1998,90928088.44,946042.2602,96.11419306,"seaiceDays"
5,1999,64455267.29,946042.2602,68.13148841,"seaiceDays"
5,2000,82578965.28,946042.2602,87.28887572,"seaiceDays"
5,2001,87449576.99,946042.2602,92.4372839,"seaiceDays"
5,2002,76694106.61,946042.2602,81.06837277,"seaiceDays"
5,2003,97885554.51,946042.2602,103.4684798,"seaiceDays"
5,2004,95024475.37,946042.2602,100.4442184,"seaiceDays"
5,2005,94231147.67,946042.2602,99.60564304,"seaiceDays"
5,2006,86091217.96,946042.2602,91.00145055,"seaiceDays"
5,2007,81237229.53,946042.2602,85.87061377,"seaiceDays"
5,2008,94200949.05,946042.2602,99.57372204,"seaiceDays"
5,2009,67382578.47,946042.2602,71.22575946,"seaiceDays"
5,2010,77584455.51,946042.2602,82.00950293,"seaiceDays"
5,2011,71033505.41,946042.2602,75.08491788,"seaiceDays"
5,2012,86718798.1,946042.2602,91.66482487,"seaiceDays"
5,2013,72825987.47,946042.2602,76.97963456,"seaiceDays"
5,2014,105221092,946042.2602,111.2224014,"seaiceDays"
5,2015,98407592.62,946042.2602,104.0202925,"seaiceDays"
5,2016,93545048.98,946042.2602,98.88041256,"seaiceDays"
5,2017,73400218.47,946042.2602,77.58661697,"seaiceDays"
5,2018,69187071.4,946042.2602,73.13317208,"seaiceDays"
5,2019,72973394.5,946042.2602,77.13544899,"seaiceDays"
5,2020,83276240.09,946042.2602,88.02591977,"seaiceDays"
5,2021,63216056.35,946042.2602,66.82159879,"seaiceDays"
5,2022,56079771.07,946042.2602,59.27829383,"seaiceDays"
5,2023,41830525.7,946042.2602,44.21633944,"seaiceDays"
5,2024,74122087.23,946042.2602,78.34965768,"seaiceDays"
0,1998,28841214.37,1082804.485,26.63566208,"seaiceDays"
0,1999,26114309.11,1082804.485,24.11728937,"seaiceDays"
0,2000,28741794.83,1082804.485,26.54384537,"seaiceDays"
0,2001,25585198.81,1082804.485,23.62864132,"seaiceDays"
0,2002,24639299.64,1082804.485,22.75507718,"seaiceDays"
0,2003,44528202.21,1082804.485,41.12303081,"seaiceDays"
0,2004,57057915.56,1082804.485,52.6945689,"seaiceDays"
0,2005,33292769.5,1082804.485,30.74679681,"seaiceDays"
0,2006,45500066.85,1082804.485,42.02057477,"seaiceDays"
0,2007,18461130.24,1082804.485,17.04936624,"seaiceDays"
0,2008,31750636.75,1082804.485,29.32259441,"seaiceDays"
0,2009,36469449.35,1082804.485,33.68054883,"seaiceDays"
0,2010,65353841.44,1082804.485,60.35608673,"seaiceDays"
0,2011,25338301.05,1082804.485,23.40062439,"seaiceDays"
0,2012,32580171.15,1082804.485,30.08869246,"seaiceDays"
0,2013,45293619.63,1082804.485,41.82991504,"seaiceDays"
0,2014,41447871.93,1082804.485,38.27826028,"seaiceDays"
0,2015,22942662.17,1082804.485,21.18818538,"seaiceDays"
0,2016,14978775.12,1082804.485,13.83331462,"seaiceDays"
0,2017,31637822.26,1082804.485,29.21840709,"seaiceDays"
0,2018,27495122.7,1082804.485,25.39250905,"seaiceDays"
0,2019,27812455.62,1082804.485,25.68557481,"seaiceDays"
0,2020,29595847.67,1082804.485,27.33258688,"seaiceDays"
0,2021,37477108.96,1082804.485,34.61115045,"seaiceDays"
0,2022,27687309.07,1082804.485,25.5699985,"seaiceDays"
0,2023,19646200.19,1082804.485,18.14381124,"seaiceDays"
0,2024,1117436.119,1082804.485,1.031983275,"seaiceDays"
1,1998,33881103.56,1415975.096,23.92775385,"seaiceDays"
1,1999,44350754.03,1415975.096,31.32170484,"seaiceDays"
1,2000,35228319.96,1415975.096,24.8791946,"seaiceDays"
1,2001,35713680.74,1415975.096,25.22196953,"seaiceDays"
1,2002,21659498.57,1415975.096,15.29652508,"seaiceDays"
1,2003,34343718.35,1415975.096,24.25446495,"seaiceDays"
1,2004,55408118.47,1415975.096,39.13071537,"seaiceDays"
1,2005,44565002.65,1415975.096,31.47301302,"seaiceDays"
1,2006,56813068.2,1415975.096,40.12292896,"seaiceDays"
1,2007,23082297.21,1415975.096,16.30134405,"seaiceDays"
1,2008,33732782.36,1415975.096,23.8230054,"seaiceDays"
1,2009,37070132.4,1415975.096,26.17993247,"seaiceDays"
1,2010,65208359.14,1415975.096,46.05191102,"seaiceDays"
1,2011,38217358.56,1415975.096,26.99013468,"seaiceDays"
1,2012,39865926.53,1415975.096,28.15439808,"seaiceDays"
1,2013,39489864.72,1415975.096,27.88881303,"seaiceDays"
1,2014,56134649.64,1415975.096,39.64381138,"seaiceDays"
1,2015,30440589.52,1415975.096,21.49796956,"seaiceDays"
1,2016,16739938.37,1415975.096,11.8221983,"seaiceDays"
1,2017,28466735.04,1415975.096,20.10398001,"seaiceDays"
1,2018,37089937.45,1415975.096,26.19391933,"seaiceDays"
1,2019,28655837.97,1415975.096,20.23752963,"seaiceDays"
1,2020,34548038.25,1415975.096,24.3987612,"seaiceDays"
1,2021,30310518.58,1415975.096,21.40610994,"seaiceDays"
1,2022,27093666.85,1415975.096,19.13428203,"seaiceDays"
1,2023,18894765.34,1415975.096,13.34399552,"seaiceDays"
1,2024,13352040.58,1415975.096,9.429573027,"seaiceDays"
4,1998,2040283.993,1035068.395,1.971158623,"seaiceDays"
4,1999,14581.86243,1035068.395,0.014087825,"seaiceDays"
4,2000,1044011.386,1035068.395,1.00864,"seaiceDays"
4,2001,4984207.416,1035068.395,4.815341129,"seaiceDays"
4,2002,143317.2817,1035068.395,0.138461654,"seaiceDays"
4,2003,159010.7527,1035068.395,0.153623426,"seaiceDays"
4,2004,701671.1229,1035068.395,0.677898317,"seaiceDays"
4,2005,1448291.504,1035068.395,1.399222999,"seaiceDays"
4,2006,2899230.185,1035068.395,2.801003487,"seaiceDays"
4,2007,859328.5272,1035068.395,0.830214246,"seaiceDays"
4,2008,559245.1193,1035068.395,0.540297744,"seaiceDays"
4,2009,269352.0972,1035068.395,0.260226376,"seaiceDays"
4,2010,433254.682,1035068.395,0.418575897,"seaiceDays"
4,2011,2205205.866,1035068.395,2.130492899,"seaiceDays"
4,2012,19092.80431,1035068.395,0.018445935,"seaiceDays"
4,2013,554723.675,1035068.395,0.535929488,"seaiceDays"
4,2014,1176374.742,1035068.395,1.13651885,"seaiceDays"
4,2015,334913.7671,1035068.395,0.323566799,"seaiceDays"
4,2016,2744003.162,1035068.395,2.651035598,"seaiceDays"
4,2017,0,1035068.395,0,"seaiceDays"
4,2018,518.3245255,1035068.395,0.000500764,"seaiceDays"
4,2019,529558.8784,1035068.395,0.511617281,"seaiceDays"
4,2020,1758651.261,1035068.395,1.699067684,"seaiceDays"
4,2021,32555.17864,1035068.395,0.0314522,"seaiceDays"
4,2022,0,1035068.395,0,"seaiceDays"
4,2023,2879.440486,1035068.395,0.002781884,"seaiceDays"
4,2024,8035509.509,1035068.395,7.763264287,"seaiceDays"
9,1998,0,586639.3808,0,"seaiceDays"
9,1999,0,586639.3808,0,"seaiceDays"
9,2000,0,586639.3808,0,"seaiceDays"
9,2001,0,586639.3808,0,"seaiceDays"
9,2002,0,586639.3808,0,"seaiceDays"
9,2003,0,586639.3808,0,"seaiceDays"
9,2004,0,586639.3808,0,"seaiceDays"
9,2005,0,586639.3808,0,"seaiceDays"
9,2006,0,586639.3808,0,"seaiceDays"
9,2007,0,586639.3808,0,"seaiceDays"
9,2008,0,586639.3808,0,"seaiceDays"
9,2009,0,586639.3808,0,"seaiceDays"
9,2010,0,586639.3808,0,"seaiceDays"
9,2011,0,586639.3808,0,"seaiceDays"
9,2012,0,586639.3808,0,"seaiceDays"
9,2013,0,586639.3808,0,"seaiceDays"
9,2014,0,586639.3808,0,"seaiceDays"
9,2015,0,586639.3808,0,"seaiceDays"
9,2016,0,586639.3808,0,"seaiceDays"
9,2017,0,586639.3808,0,"seaiceDays"
9,2018,0,586639.3808,0,"seaiceDays"
9,2019,0,586639.3808,0,"seaiceDays"
9,2020,0,586639.3808,0,"seaiceDays"
9,2021,0,586639.3808,0,"seaiceDays"
9,2022,0,586639.3808,0,"seaiceDays"
9,2023,0,586639.3808,0,"seaiceDays"
9,2024,0,586639.3808,0,"seaiceDays"
8,1998,0,670445.0066,0,"seaiceDays"
8,1999,0,670445.0066,0,"seaiceDays"
8,2000,0,670445.0066,0,"seaiceDays"
8,2001,0,670445.0066,0,"seaiceDays"
8,2002,0,670445.0066,0,"seaiceDays"
8,2003,0,670445.0066,0,"seaiceDays"
8,2004,0,670445.0066,0,"seaiceDays"
8,2005,0,670445.0066,0,"seaiceDays"
8,2006,0,670445.0066,0,"seaiceDays"
8,2007,0,670445.0066,0,"seaiceDays"
8,2008,0,670445.0066,0,"seaiceDays"
8,2009,0,670445.0066,0,"seaiceDays"
8,2010,0,670445.0066,0,"seaiceDays"
8,2011,0,670445.0066,0,"seaiceDays"
8,2012,0,670445.0066,0,"seaiceDays"
8,2013,0,670445.0066,0,"seaiceDays"
8,2014,0,670445.0066,0,"seaiceDays"
8,2015,0,670445.0066,0,"seaiceDays"
8,2016,0,670445.0066,0,"seaiceDays"
8,2017,0,670445.0066,0,"seaiceDays"
8,2018,0,670445.0066,0,"seaiceDays"
8,2019,0,670445.0066,0,"seaiceDays"
8,2020,0,670445.0066,0,"seaiceDays"
8,2021,0,670445.0066,0,"seaiceDays"
8,2022,0,670445.0066,0,"seaiceDays"
8,2023,0,670445.0066,0,"seaiceDays"
8,2024,0,670445.0066,0,"seaiceDays"
